Сотовый телефон Samsung Galaxy Z Flip 8/256GB (SM-F700F) черный бриллиант,Скоро,https://www.kivano.kg/product/view/sotovyy-telefon-samsung-galaxy-z-flip-8-256gb-sm-f700f-chernyy-brilliant,https://www.kivano.kg/product/view/sotovyy-telefon-samsung-galaxy-z-flip-8-256gb-sm-f700f-chernyy-brilliant
Сотовый телефон Samsung Galaxy A71 (2020) 128GB (SM-A715F/DS) голубой,"31240 сом
-2%

30760 сом",https://www.kivano.kg/product/view/sotovyy-telefon-samsung-galaxy-a71-2020-128gb-sm-a715f-ds-goluboy,https://www.kivano.kg/product/view/sotovyy-telefon-samsung-galaxy-a71-2020-128gb-sm-a715f-ds-goluboy
Сотовый телефон Samsung Galaxy Z Flip 8/256GB (SM-F700F) сияющий аметист,Скоро,https://www.kivano.kg/product/view/sotovyy-telefon-samsung-galaxy-z-flip-8-256gb-sm-f700f-siyayuschiy-ametist,https://www.kivano.kg/product/view/sotovyy-telefon-samsung-galaxy-z-flip-8-256gb-sm-f700f-siyayuschiy-ametist
Сотовый телефон Samsung Galaxy A71 (2020) 128GB (SM-A715F/DS) серебристый,"30760 сом
-1%

30360 сом",https://www.kivano.kg/product/view/sotovyy-telefon-samsung-galaxy-a71-2020-128gb-sm-a715f-ds-serebristyy,https://www.kivano.kg/product/view/sotovyy-telefon-samsung-galaxy-a71-2020-128gb-sm-a715f-ds-serebristyy
Сотовый телефон BRAVIS A552 Joy Max золотой,6710 сом,https://www.kivano.kg/product/view/sotovyy-telefon-bravis-a552-joy-max-zolotoy,https://www.kivano.kg/product/view/sotovyy-telefon-bravis-a552-joy-max-zolotoy
Сотовый телефон Huawei P smart Z 4/64GB черный,14990 сом,https://www.kivano.kg/product/view/sotovyy-telefon-huawei-p-smart-z-4-64gb-chernyy,https://www.kivano.kg/product/view/sotovyy-telefon-huawei-p-smart-z-4-64gb-chernyy
Сотовый телефон BRAVIS A552 Joy Max серый,6710 сом,https://www.kivano.kg/product/view/sotovyy-telefon-bravis-a552-joy-max-seryy,https://www.kivano.kg/product/view/sotovyy-telefon-bravis-a552-joy-max-seryy
Сотовый телефон Huawei P smart Z 4/64GB синий,14990 сом,https://www.kivano.kg/product/view/sotovyy-telefon-huawei-p-smart-z-4-64gb-siniy,https://www.kivano.kg/product/view/sotovyy-telefon-huawei-p-smart-z-4-64gb-siniy
Сотовый телефон BRAVIS Next черный,5430 сом,https://www.kivano.kg/product/view/sotovyy-telefon-bravis-next-chernyy,https://www.kivano.kg/product/view/sotovyy-telefon-bravis-next-chernyy
Сотовый телефон Xiaomi Mi 9T 6/64GB синий,20850 сом,https://www.kivano.kg/product/view/sotovyy-telefon-xiaomi-mi-9t-6-64gb-siniy,https://www.kivano.kg/product/view/sotovyy-telefon-xiaomi-mi-9t-6-64gb-siniy
Сотовый телефон Samsung Galaxy S10 plus 8/128GB (SM-G975F/DS) синий,53850 сом,https://www.kivano.kg/product/view/sotovyy-telefon-samsung-galaxy-s10-plus-8-128gb-sm-g975f-ds-siniy,https://www.kivano.kg/product/view/sotovyy-telefon-samsung-galaxy-s10-plus-8-128gb-sm-g975f-ds-siniy
Сотовый телефон Philips Xenium E311 синий,5590 сом,https://www.kivano.kg/product/view/sotovyy-telefon-philips-xenium-e311-siniy,https://www.kivano.kg/product/view/sotovyy-telefon-philips-xenium-e311-siniy
Сотовый телефон Xiaomi Mi 9T 6/128GB синий,21890 сом,https://www.kivano.kg/product/view/sotovyy-telefon-xiaomi-mi-9t-6-128gb-siniy,https://www.kivano.kg/product/view/sotovyy-telefon-xiaomi-mi-9t-6-128gb-siniy
Сотовый телефон Samsung Galaxy S10 8/128GB (SM-G973F/DS) черный оникс,"47380 сом
-2%

46500 сом",https://www.kivano.kg/product/view/sotovyy-telefon-samsung-galaxy-s10-8-128gb-sm-g973f-ds-chernyy-oniks,https://www.kivano.kg/product/view/sotovyy-telefon-samsung-galaxy-s10-8-128gb-sm-g973f-ds-chernyy-oniks
Сотовый телефон Xiaomi Redmi 8 3/32GB красный,"10390 сом
-3%

10070 сом",https://www.kivano.kg/product/view/sotovyy-telefon-xiaomi-redmi-8-3-32gb-krasnyy,https://www.kivano.kg/product/view/sotovyy-telefon-xiaomi-redmi-8-3-32gb-krasnyy
Сотовый телефон BRAVIS Trend черный,6630 сом,https://www.kivano.kg/product/view/sotovyy-telefon-bravis-trend-chernyy,https://www.kivano.kg/product/view/sotovyy-telefon-bravis-trend-chernyy
Сотовый телефон Samsung Galaxy S10 Plus 8/128GB (SM-G975F/DS) черный оникс,"53690 сом
-1%

53370 сом",https://www.kivano.kg/product/view/sotovyy-telefon-samsung-galaxy-s10-plus-8-128gb-sm-g975f-ds-chernyy-oniks,https://www.kivano.kg/product/view/sotovyy-telefon-samsung-galaxy-s10-plus-8-128gb-sm-g975f-ds-chernyy-oniks
Сотовый телефон Xiaomi Redmi Note 8 4/128Gb белый,"14220 сом
-1%

14060 сом",https://www.kivano.kg/product/view/sotovyy-telefon-xiaomi-redmi-note-8-4-128gb-belyy,https://www.kivano.kg/product/view/sotovyy-telefon-xiaomi-redmi-note-8-4-128gb-belyy
Сотовый телефон BRAVIS Trend белый,6630 сом,https://www.kivano.kg/product/view/sotovyy-telefon-bravis-trend-belyy,https://www.kivano.kg/product/view/sotovyy-telefon-bravis-trend-belyy
Сотовый телефон Honor 8X 4/64GB синий,"15420 сом
-17%

12780 сом",https://www.kivano.kg/product/view/sotovyy-telefon-honor-8x-4-64gb-siniy,https://www.kivano.kg/product/view/sotovyy-telefon-honor-8x-4-64gb-siniy
Сотовый телефон Samsung Galaxy Z Flip 8/256GB (SM-F700F) черный бриллиант,Скоро,https://www.kivano.kg/product/view/sotovyy-telefon-samsung-galaxy-z-flip-8-256gb-sm-f700f-chernyy-brilliant,https://www.kivano.kg/product/view/sotovyy-telefon-samsung-galaxy-z-flip-8-256gb-sm-f700f-chernyy-brilliant
Сотовый телефон Samsung Galaxy A71 (2020) 128GB (SM-A715F/DS) голубой,"31240 сом
-2%

30760 сом",https://www.kivano.kg/product/view/sotovyy-telefon-samsung-galaxy-a71-2020-128gb-sm-a715f-ds-goluboy,https://www.kivano.kg/product/view/sotovyy-telefon-samsung-galaxy-a71-2020-128gb-sm-a715f-ds-goluboy
Сотовый телефон Samsung Galaxy Z Flip 8/256GB (SM-F700F) сияющий аметист,Скоро,https://www.kivano.kg/product/view/sotovyy-telefon-samsung-galaxy-z-flip-8-256gb-sm-f700f-siyayuschiy-ametist,https://www.kivano.kg/product/view/sotovyy-telefon-samsung-galaxy-z-flip-8-256gb-sm-f700f-siyayuschiy-ametist
Сотовый телефон Samsung Galaxy A71 (2020) 128GB (SM-A715F/DS) серебристый,"30760 сом
-1%

30360 сом",https://www.kivano.kg/product/view/sotovyy-telefon-samsung-galaxy-a71-2020-128gb-sm-a715f-ds-serebristyy,https://www.kivano.kg/product/view/sotovyy-telefon-samsung-galaxy-a71-2020-128gb-sm-a715f-ds-serebristyy
Сотовый телефон BRAVIS A552 Joy Max золотой,6710 сом,https://www.kivano.kg/product/view/sotovyy-telefon-bravis-a552-joy-max-zolotoy,https://www.kivano.kg/product/view/sotovyy-telefon-bravis-a552-joy-max-zolotoy
Сотовый телефон Huawei P smart Z 4/64GB черный,14990 сом,https://www.kivano.kg/product/view/sotovyy-telefon-huawei-p-smart-z-4-64gb-chernyy,https://www.kivano.kg/product/view/sotovyy-telefon-huawei-p-smart-z-4-64gb-chernyy
Сотовый телефон BRAVIS A552 Joy Max серый,6710 сом,https://www.kivano.kg/product/view/sotovyy-telefon-bravis-a552-joy-max-seryy,https://www.kivano.kg/product/view/sotovyy-telefon-bravis-a552-joy-max-seryy
Сотовый телефон Huawei P smart Z 4/64GB синий,14990 сом,https://www.kivano.kg/product/view/sotovyy-telefon-huawei-p-smart-z-4-64gb-siniy,https://www.kivano.kg/product/view/sotovyy-telefon-huawei-p-smart-z-4-64gb-siniy
Сотовый телефон BRAVIS Next черный,5430 сом,https://www.kivano.kg/product/view/sotovyy-telefon-bravis-next-chernyy,https://www.kivano.kg/product/view/sotovyy-telefon-bravis-next-chernyy
Сотовый телефон Xiaomi Mi 9T 6/64GB синий,20850 сом,https://www.kivano.kg/product/view/sotovyy-telefon-xiaomi-mi-9t-6-64gb-siniy,https://www.kivano.kg/product/view/sotovyy-telefon-xiaomi-mi-9t-6-64gb-siniy
Сотовый телефон Samsung Galaxy S10 plus 8/128GB (SM-G975F/DS) синий,53850 сом,https://www.kivano.kg/product/view/sotovyy-telefon-samsung-galaxy-s10-plus-8-128gb-sm-g975f-ds-siniy,https://www.kivano.kg/product/view/sotovyy-telefon-samsung-galaxy-s10-plus-8-128gb-sm-g975f-ds-siniy
Сотовый телефон Philips Xenium E311 синий,5590 сом,https://www.kivano.kg/product/view/sotovyy-telefon-philips-xenium-e311-siniy,https://www.kivano.kg/product/view/sotovyy-telefon-philips-xenium-e311-siniy
Сотовый телефон Xiaomi Mi 9T 6/128GB синий,21890 сом,https://www.kivano.kg/product/view/sotovyy-telefon-xiaomi-mi-9t-6-128gb-siniy,https://www.kivano.kg/product/view/sotovyy-telefon-xiaomi-mi-9t-6-128gb-siniy
Сотовый телефон Samsung Galaxy S10 8/128GB (SM-G973F/DS) черный оникс,"47380 сом
-2%

46500 сом",https://www.kivano.kg/product/view/sotovyy-telefon-samsung-galaxy-s10-8-128gb-sm-g973f-ds-chernyy-oniks,https://www.kivano.kg/product/view/sotovyy-telefon-samsung-galaxy-s10-8-128gb-sm-g973f-ds-chernyy-oniks
Сотовый телефон Xiaomi Redmi 8 3/32GB красный,"10390 сом
-3%

10070 сом",https://www.kivano.kg/product/view/sotovyy-telefon-xiaomi-redmi-8-3-32gb-krasnyy,https://www.kivano.kg/product/view/sotovyy-telefon-xiaomi-redmi-8-3-32gb-krasnyy
Сотовый телефон BRAVIS Trend черный,6630 сом,https://www.kivano.kg/product/view/sotovyy-telefon-bravis-trend-chernyy,https://www.kivano.kg/product/view/sotovyy-telefon-bravis-trend-chernyy
Сотовый телефон Samsung Galaxy S10 Plus 8/128GB (SM-G975F/DS) черный оникс,"53690 сом
-1%

53370 сом",https://www.kivano.kg/product/view/sotovyy-telefon-samsung-galaxy-s10-plus-8-128gb-sm-g975f-ds-chernyy-oniks,https://www.kivano.kg/product/view/sotovyy-telefon-samsung-galaxy-s10-plus-8-128gb-sm-g975f-ds-chernyy-oniks
Сотовый телефон Xiaomi Redmi Note 8 4/128Gb белый,"14220 сом
-1%

14060 сом",https://www.kivano.kg/product/view/sotovyy-telefon-xiaomi-redmi-note-8-4-128gb-belyy,https://www.kivano.kg/product/view/sotovyy-telefon-xiaomi-redmi-note-8-4-128gb-belyy
Сотовый телефон BRAVIS Trend белый,6630 сом,https://www.kivano.kg/product/view/sotovyy-telefon-bravis-trend-belyy,https://www.kivano.kg/product/view/sotovyy-telefon-bravis-trend-belyy
Сотовый телефон Honor 8X 4/64GB синий,"15420 сом
-17%

12780 сом",https://www.kivano.kg/product/view/sotovyy-telefon-honor-8x-4-64gb-siniy,https://www.kivano.kg/product/view/sotovyy-telefon-honor-8x-4-64gb-siniy
Сотовый телефон Samsung Galaxy Z Flip 8/256GB (SM-F700F) черный бриллиант,Скоро,https://www.kivano.kg/product/view/sotovyy-telefon-samsung-galaxy-z-flip-8-256gb-sm-f700f-chernyy-brilliant,https://www.kivano.kg/product/view/sotovyy-telefon-samsung-galaxy-z-flip-8-256gb-sm-f700f-chernyy-brilliant
Сотовый телефон Samsung Galaxy A71 (2020) 128GB (SM-A715F/DS) голубой,"31240 сом
-2%

30760 сом",https://www.kivano.kg/product/view/sotovyy-telefon-samsung-galaxy-a71-2020-128gb-sm-a715f-ds-goluboy,https://www.kivano.kg/product/view/sotovyy-telefon-samsung-galaxy-a71-2020-128gb-sm-a715f-ds-goluboy
Сотовый телефон Samsung Galaxy Z Flip 8/256GB (SM-F700F) сияющий аметист,Скоро,https://www.kivano.kg/product/view/sotovyy-telefon-samsung-galaxy-z-flip-8-256gb-sm-f700f-siyayuschiy-ametist,https://www.kivano.kg/product/view/sotovyy-telefon-samsung-galaxy-z-flip-8-256gb-sm-f700f-siyayuschiy-ametist
Сотовый телефон Samsung Galaxy A71 (2020) 128GB (SM-A715F/DS) серебристый,"30760 сом
-1%

30360 сом",https://www.kivano.kg/product/view/sotovyy-telefon-samsung-galaxy-a71-2020-128gb-sm-a715f-ds-serebristyy,https://www.kivano.kg/product/view/sotovyy-telefon-samsung-galaxy-a71-2020-128gb-sm-a715f-ds-serebristyy
Сотовый телефон BRAVIS A552 Joy Max золотой,6710 сом,https://www.kivano.kg/product/view/sotovyy-telefon-bravis-a552-joy-max-zolotoy,https://www.kivano.kg/product/view/sotovyy-telefon-bravis-a552-joy-max-zolotoy
Сотовый телефон Huawei P smart Z 4/64GB черный,14990 сом,https://www.kivano.kg/product/view/sotovyy-telefon-huawei-p-smart-z-4-64gb-chernyy,https://www.kivano.kg/product/view/sotovyy-telefon-huawei-p-smart-z-4-64gb-chernyy
Сотовый телефон BRAVIS A552 Joy Max серый,6710 сом,https://www.kivano.kg/product/view/sotovyy-telefon-bravis-a552-joy-max-seryy,https://www.kivano.kg/product/view/sotovyy-telefon-bravis-a552-joy-max-seryy
Сотовый телефон Huawei P smart Z 4/64GB синий,14990 сом,https://www.kivano.kg/product/view/sotovyy-telefon-huawei-p-smart-z-4-64gb-siniy,https://www.kivano.kg/product/view/sotovyy-telefon-huawei-p-smart-z-4-64gb-siniy
Сотовый телефон BRAVIS Next черный,5430 сом,https://www.kivano.kg/product/view/sotovyy-telefon-bravis-next-chernyy,https://www.kivano.kg/product/view/sotovyy-telefon-bravis-next-chernyy
Сотовый телефон Xiaomi Mi 9T 6/64GB синий,20850 сом,https://www.kivano.kg/product/view/sotovyy-telefon-xiaomi-mi-9t-6-64gb-siniy,https://www.kivano.kg/product/view/sotovyy-telefon-xiaomi-mi-9t-6-64gb-siniy
Сотовый телефон Samsung Galaxy S10 plus 8/128GB (SM-G975F/DS) синий,53850 сом,https://www.kivano.kg/product/view/sotovyy-telefon-samsung-galaxy-s10-plus-8-128gb-sm-g975f-ds-siniy,https://www.kivano.kg/product/view/sotovyy-telefon-samsung-galaxy-s10-plus-8-128gb-sm-g975f-ds-siniy
Сотовый телефон Philips Xenium E311 синий,5590 сом,https://www.kivano.kg/product/view/sotovyy-telefon-philips-xenium-e311-siniy,https://www.kivano.kg/product/view/sotovyy-telefon-philips-xenium-e311-siniy
Сотовый телефон Xiaomi Mi 9T 6/128GB синий,21890 сом,https://www.kivano.kg/product/view/sotovyy-telefon-xiaomi-mi-9t-6-128gb-siniy,https://www.kivano.kg/product/view/sotovyy-telefon-xiaomi-mi-9t-6-128gb-siniy
Сотовый телефон Samsung Galaxy S10 8/128GB (SM-G973F/DS) черный оникс,"47380 сом
-2%

46500 сом",https://www.kivano.kg/product/view/sotovyy-telefon-samsung-galaxy-s10-8-128gb-sm-g973f-ds-chernyy-oniks,https://www.kivano.kg/product/view/sotovyy-telefon-samsung-galaxy-s10-8-128gb-sm-g973f-ds-chernyy-oniks
Сотовый телефон Xiaomi Redmi 8 3/32GB красный,"10390 сом
-3%

10070 сом",https://www.kivano.kg/product/view/sotovyy-telefon-xiaomi-redmi-8-3-32gb-krasnyy,https://www.kivano.kg/product/view/sotovyy-telefon-xiaomi-redmi-8-3-32gb-krasnyy
Сотовый телефон BRAVIS Trend черный,6630 сом,https://www.kivano.kg/product/view/sotovyy-telefon-bravis-trend-chernyy,https://www.kivano.kg/product/view/sotovyy-telefon-bravis-trend-chernyy
Сотовый телефон Samsung Galaxy S10 Plus 8/128GB (SM-G975F/DS) черный оникс,"53690 сом
-1%

53370 сом",https://www.kivano.kg/product/view/sotovyy-telefon-samsung-galaxy-s10-plus-8-128gb-sm-g975f-ds-chernyy-oniks,https://www.kivano.kg/product/view/sotovyy-telefon-samsung-galaxy-s10-plus-8-128gb-sm-g975f-ds-chernyy-oniks
Сотовый телефон Xiaomi Redmi Note 8 4/128Gb белый,"14220 сом
-1%

14060 сом",https://www.kivano.kg/product/view/sotovyy-telefon-xiaomi-redmi-note-8-4-128gb-belyy,https://www.kivano.kg/product/view/sotovyy-telefon-xiaomi-redmi-note-8-4-128gb-belyy
Сотовый телефон BRAVIS Trend белый,6630 сом,https://www.kivano.kg/product/view/sotovyy-telefon-bravis-trend-belyy,https://www.kivano.kg/product/view/sotovyy-telefon-bravis-trend-belyy
Сотовый телефон Honor 8X 4/64GB синий,"15420 сом
-17%

12780 сом",https://www.kivano.kg/product/view/sotovyy-telefon-honor-8x-4-64gb-siniy,https://www.kivano.kg/product/view/sotovyy-telefon-honor-8x-4-64gb-siniy
Сотовый телефон Samsung Galaxy Z Flip 8/256GB (SM-F700F) черный бриллиант,Скоро,https://www.kivano.kg/product/view/sotovyy-telefon-samsung-galaxy-z-flip-8-256gb-sm-f700f-chernyy-brilliant,https://www.kivano.kg/product/view/sotovyy-telefon-samsung-galaxy-z-flip-8-256gb-sm-f700f-chernyy-brilliant
Сотовый телефон Samsung Galaxy A71 (2020) 128GB (SM-A715F/DS) голубой,"31240 сом
-2%

30760 сом",https://www.kivano.kg/product/view/sotovyy-telefon-samsung-galaxy-a71-2020-128gb-sm-a715f-ds-goluboy,https://www.kivano.kg/product/view/sotovyy-telefon-samsung-galaxy-a71-2020-128gb-sm-a715f-ds-goluboy
Сотовый телефон Samsung Galaxy Z Flip 8/256GB (SM-F700F) сияющий аметист,Скоро,https://www.kivano.kg/product/view/sotovyy-telefon-samsung-galaxy-z-flip-8-256gb-sm-f700f-siyayuschiy-ametist,https://www.kivano.kg/product/view/sotovyy-telefon-samsung-galaxy-z-flip-8-256gb-sm-f700f-siyayuschiy-ametist
Сотовый телефон Samsung Galaxy A71 (2020) 128GB (SM-A715F/DS) серебристый,"30760 сом
-1%

30360 сом",https://www.kivano.kg/product/view/sotovyy-telefon-samsung-galaxy-a71-2020-128gb-sm-a715f-ds-serebristyy,https://www.kivano.kg/product/view/sotovyy-telefon-samsung-galaxy-a71-2020-128gb-sm-a715f-ds-serebristyy
Сотовый телефон BRAVIS A552 Joy Max золотой,6710 сом,https://www.kivano.kg/product/view/sotovyy-telefon-bravis-a552-joy-max-zolotoy,https://www.kivano.kg/product/view/sotovyy-telefon-bravis-a552-joy-max-zolotoy
Сотовый телефон Huawei P smart Z 4/64GB черный,14990 сом,https://www.kivano.kg/product/view/sotovyy-telefon-huawei-p-smart-z-4-64gb-chernyy,https://www.kivano.kg/product/view/sotovyy-telefon-huawei-p-smart-z-4-64gb-chernyy
Сотовый телефон BRAVIS A552 Joy Max серый,6710 сом,https://www.kivano.kg/product/view/sotovyy-telefon-bravis-a552-joy-max-seryy,https://www.kivano.kg/product/view/sotovyy-telefon-bravis-a552-joy-max-seryy
Сотовый телефон Huawei P smart Z 4/64GB синий,14990 сом,https://www.kivano.kg/product/view/sotovyy-telefon-huawei-p-smart-z-4-64gb-siniy,https://www.kivano.kg/product/view/sotovyy-telefon-huawei-p-smart-z-4-64gb-siniy
Сотовый телефон BRAVIS Next черный,5430 сом,https://www.kivano.kg/product/view/sotovyy-telefon-bravis-next-chernyy,https://www.kivano.kg/product/view/sotovyy-telefon-bravis-next-chernyy
Сотовый телефон Xiaomi Mi 9T 6/64GB синий,20850 сом,https://www.kivano.kg/product/view/sotovyy-telefon-xiaomi-mi-9t-6-64gb-siniy,https://www.kivano.kg/product/view/sotovyy-telefon-xiaomi-mi-9t-6-64gb-siniy
Сотовый телефон Samsung Galaxy S10 plus 8/128GB (SM-G975F/DS) синий,53850 сом,https://www.kivano.kg/product/view/sotovyy-telefon-samsung-galaxy-s10-plus-8-128gb-sm-g975f-ds-siniy,https://www.kivano.kg/product/view/sotovyy-telefon-samsung-galaxy-s10-plus-8-128gb-sm-g975f-ds-siniy
Сотовый телефон Philips Xenium E311 синий,5590 сом,https://www.kivano.kg/product/view/sotovyy-telefon-philips-xenium-e311-siniy,https://www.kivano.kg/product/view/sotovyy-telefon-philips-xenium-e311-siniy
Сотовый телефон Xiaomi Mi 9T 6/128GB синий,21890 сом,https://www.kivano.kg/product/view/sotovyy-telefon-xiaomi-mi-9t-6-128gb-siniy,https://www.kivano.kg/product/view/sotovyy-telefon-xiaomi-mi-9t-6-128gb-siniy
Сотовый телефон Samsung Galaxy S10 8/128GB (SM-G973F/DS) черный оникс,"47380 сом
-2%

46500 сом",https://www.kivano.kg/product/view/sotovyy-telefon-samsung-galaxy-s10-8-128gb-sm-g973f-ds-chernyy-oniks,https://www.kivano.kg/product/view/sotovyy-telefon-samsung-galaxy-s10-8-128gb-sm-g973f-ds-chernyy-oniks
Сотовый телефон Xiaomi Redmi 8 3/32GB красный,"10390 сом
-3%

10070 сом",https://www.kivano.kg/product/view/sotovyy-telefon-xiaomi-redmi-8-3-32gb-krasnyy,https://www.kivano.kg/product/view/sotovyy-telefon-xiaomi-redmi-8-3-32gb-krasnyy
Сотовый телефон BRAVIS Trend черный,6630 сом,https://www.kivano.kg/product/view/sotovyy-telefon-bravis-trend-chernyy,https://www.kivano.kg/product/view/sotovyy-telefon-bravis-trend-chernyy
Сотовый телефон Samsung Galaxy S10 Plus 8/128GB (SM-G975F/DS) черный оникс,"53690 сом
-1%

53370 сом",https://www.kivano.kg/product/view/sotovyy-telefon-samsung-galaxy-s10-plus-8-128gb-sm-g975f-ds-chernyy-oniks,https://www.kivano.kg/product/view/sotovyy-telefon-samsung-galaxy-s10-plus-8-128gb-sm-g975f-ds-chernyy-oniks
Сотовый телефон Xiaomi Redmi Note 8 4/128Gb белый,"14220 сом
-1%

14060 сом",https://www.kivano.kg/product/view/sotovyy-telefon-xiaomi-redmi-note-8-4-128gb-belyy,https://www.kivano.kg/product/view/sotovyy-telefon-xiaomi-redmi-note-8-4-128gb-belyy
Сотовый телефон BRAVIS Trend белый,6630 сом,https://www.kivano.kg/product/view/sotovyy-telefon-bravis-trend-belyy,https://www.kivano.kg/product/view/sotovyy-telefon-bravis-trend-belyy
Сотовый телефон Honor 8X 4/64GB синий,"15420 сом
-17%

12780 сом",https://www.kivano.kg/product/view/sotovyy-telefon-honor-8x-4-64gb-siniy,https://www.kivano.kg/product/view/sotovyy-telefon-honor-8x-4-64gb-siniy
Сотовый телефон Samsung Galaxy Z Flip 8/256GB (SM-F700F) черный бриллиант,Скоро,https://www.kivano.kg/product/view/sotovyy-telefon-samsung-galaxy-z-flip-8-256gb-sm-f700f-chernyy-brilliant,https://www.kivano.kg/product/view/sotovyy-telefon-samsung-galaxy-z-flip-8-256gb-sm-f700f-chernyy-brilliant
Сотовый телефон Samsung Galaxy A71 (2020) 128GB (SM-A715F/DS) голубой,"31240 сом
-2%

30760 сом",https://www.kivano.kg/product/view/sotovyy-telefon-samsung-galaxy-a71-2020-128gb-sm-a715f-ds-goluboy,https://www.kivano.kg/product/view/sotovyy-telefon-samsung-galaxy-a71-2020-128gb-sm-a715f-ds-goluboy
Сотовый телефон Samsung Galaxy Z Flip 8/256GB (SM-F700F) сияющий аметист,Скоро,https://www.kivano.kg/product/view/sotovyy-telefon-samsung-galaxy-z-flip-8-256gb-sm-f700f-siyayuschiy-ametist,https://www.kivano.kg/product/view/sotovyy-telefon-samsung-galaxy-z-flip-8-256gb-sm-f700f-siyayuschiy-ametist
Сотовый телефон Samsung Galaxy A71 (2020) 128GB (SM-A715F/DS) серебристый,"30760 сом
-1%

30360 сом",https://www.kivano.kg/product/view/sotovyy-telefon-samsung-galaxy-a71-2020-128gb-sm-a715f-ds-serebristyy,https://www.kivano.kg/product/view/sotovyy-telefon-samsung-galaxy-a71-2020-128gb-sm-a715f-ds-serebristyy
Сотовый телефон BRAVIS A552 Joy Max золотой,6710 сом,https://www.kivano.kg/product/view/sotovyy-telefon-bravis-a552-joy-max-zolotoy,https://www.kivano.kg/product/view/sotovyy-telefon-bravis-a552-joy-max-zolotoy
Сотовый телефон Huawei P smart Z 4/64GB черный,14990 сом,https://www.kivano.kg/product/view/sotovyy-telefon-huawei-p-smart-z-4-64gb-chernyy,https://www.kivano.kg/product/view/sotovyy-telefon-huawei-p-smart-z-4-64gb-chernyy
Сотовый телефон BRAVIS A552 Joy Max серый,6710 сом,https://www.kivano.kg/product/view/sotovyy-telefon-bravis-a552-joy-max-seryy,https://www.kivano.kg/product/view/sotovyy-telefon-bravis-a552-joy-max-seryy
Сотовый телефон Huawei P smart Z 4/64GB синий,14990 сом,https://www.kivano.kg/product/view/sotovyy-telefon-huawei-p-smart-z-4-64gb-siniy,https://www.kivano.kg/product/view/sotovyy-telefon-huawei-p-smart-z-4-64gb-siniy
Сотовый телефон BRAVIS Next черный,5430 сом,https://www.kivano.kg/product/view/sotovyy-telefon-bravis-next-chernyy,https://www.kivano.kg/product/view/sotovyy-telefon-bravis-next-chernyy
Сотовый телефон Xiaomi Mi 9T 6/64GB синий,20850 сом,https://www.kivano.kg/product/view/sotovyy-telefon-xiaomi-mi-9t-6-64gb-siniy,https://www.kivano.kg/product/view/sotovyy-telefon-xiaomi-mi-9t-6-64gb-siniy
Сотовый телефон Samsung Galaxy S10 plus 8/128GB (SM-G975F/DS) синий,53850 сом,https://www.kivano.kg/product/view/sotovyy-telefon-samsung-galaxy-s10-plus-8-128gb-sm-g975f-ds-siniy,https://www.kivano.kg/product/view/sotovyy-telefon-samsung-galaxy-s10-plus-8-128gb-sm-g975f-ds-siniy
Сотовый телефон Philips Xenium E311 синий,5590 сом,https://www.kivano.kg/product/view/sotovyy-telefon-philips-xenium-e311-siniy,https://www.kivano.kg/product/view/sotovyy-telefon-philips-xenium-e311-siniy
Сотовый телефон Xiaomi Mi 9T 6/128GB синий,21890 сом,https://www.kivano.kg/product/view/sotovyy-telefon-xiaomi-mi-9t-6-128gb-siniy,https://www.kivano.kg/product/view/sotovyy-telefon-xiaomi-mi-9t-6-128gb-siniy
Сотовый телефон Samsung Galaxy S10 8/128GB (SM-G973F/DS) черный оникс,"47380 сом
-2%

46500 сом",https://www.kivano.kg/product/view/sotovyy-telefon-samsung-galaxy-s10-8-128gb-sm-g973f-ds-chernyy-oniks,https://www.kivano.kg/product/view/sotovyy-telefon-samsung-galaxy-s10-8-128gb-sm-g973f-ds-chernyy-oniks
Сотовый телефон Xiaomi Redmi 8 3/32GB красный,"10390 сом
-3%

10070 сом",https://www.kivano.kg/product/view/sotovyy-telefon-xiaomi-redmi-8-3-32gb-krasnyy,https://www.kivano.kg/product/view/sotovyy-telefon-xiaomi-redmi-8-3-32gb-krasnyy
Сотовый телефон BRAVIS Trend черный,6630 сом,https://www.kivano.kg/product/view/sotovyy-telefon-bravis-trend-chernyy,https://www.kivano.kg/product/view/sotovyy-telefon-bravis-trend-chernyy
Сотовый телефон Samsung Galaxy S10 Plus 8/128GB (SM-G975F/DS) черный оникс,"53690 сом
-1%

53370 сом",https://www.kivano.kg/product/view/sotovyy-telefon-samsung-galaxy-s10-plus-8-128gb-sm-g975f-ds-chernyy-oniks,https://www.kivano.kg/product/view/sotovyy-telefon-samsung-galaxy-s10-plus-8-128gb-sm-g975f-ds-chernyy-oniks
Сотовый телефон Xiaomi Redmi Note 8 4/128Gb белый,"14220 сом
-1%

14060 сом",https://www.kivano.kg/product/view/sotovyy-telefon-xiaomi-redmi-note-8-4-128gb-belyy,https://www.kivano.kg/product/view/sotovyy-telefon-xiaomi-redmi-note-8-4-128gb-belyy
Сотовый телефон BRAVIS Trend белый,6630 сом,https://www.kivano.kg/product/view/sotovyy-telefon-bravis-trend-belyy,https://www.kivano.kg/product/view/sotovyy-telefon-bravis-trend-belyy
Сотовый телефон Honor 8X 4/64GB синий,"15420 сом
-17%

12780 сом",https://www.kivano.kg/product/view/sotovyy-telefon-honor-8x-4-64gb-siniy,https://www.kivano.kg/product/view/sotovyy-telefon-honor-8x-4-64gb-siniy
Сотовый телефон Samsung Galaxy Z Flip 8/256GB (SM-F700F) черный бриллиант,Скоро,https://www.kivano.kg/product/view/sotovyy-telefon-samsung-galaxy-z-flip-8-256gb-sm-f700f-chernyy-brilliant,https://www.kivano.kg/product/view/sotovyy-telefon-samsung-galaxy-z-flip-8-256gb-sm-f700f-chernyy-brilliant
Сотовый телефон Samsung Galaxy A71 (2020) 128GB (SM-A715F/DS) голубой,"31240 сом
-2%

30760 сом",https://www.kivano.kg/product/view/sotovyy-telefon-samsung-galaxy-a71-2020-128gb-sm-a715f-ds-goluboy,https://www.kivano.kg/product/view/sotovyy-telefon-samsung-galaxy-a71-2020-128gb-sm-a715f-ds-goluboy
Сотовый телефон Samsung Galaxy Z Flip 8/256GB (SM-F700F) сияющий аметист,Скоро,https://www.kivano.kg/product/view/sotovyy-telefon-samsung-galaxy-z-flip-8-256gb-sm-f700f-siyayuschiy-ametist,https://www.kivano.kg/product/view/sotovyy-telefon-samsung-galaxy-z-flip-8-256gb-sm-f700f-siyayuschiy-ametist
Сотовый телефон Samsung Galaxy A71 (2020) 128GB (SM-A715F/DS) серебристый,"30760 сом
-1%

30360 сом",https://www.kivano.kg/product/view/sotovyy-telefon-samsung-galaxy-a71-2020-128gb-sm-a715f-ds-serebristyy,https://www.kivano.kg/product/view/sotovyy-telefon-samsung-galaxy-a71-2020-128gb-sm-a715f-ds-serebristyy
Сотовый телефон BRAVIS A552 Joy Max золотой,6710 сом,https://www.kivano.kg/product/view/sotovyy-telefon-bravis-a552-joy-max-zolotoy,https://www.kivano.kg/product/view/sotovyy-telefon-bravis-a552-joy-max-zolotoy
Сотовый телефон Huawei P smart Z 4/64GB черный,14990 сом,https://www.kivano.kg/product/view/sotovyy-telefon-huawei-p-smart-z-4-64gb-chernyy,https://www.kivano.kg/product/view/sotovyy-telefon-huawei-p-smart-z-4-64gb-chernyy
Сотовый телефон BRAVIS A552 Joy Max серый,6710 сом,https://www.kivano.kg/product/view/sotovyy-telefon-bravis-a552-joy-max-seryy,https://www.kivano.kg/product/view/sotovyy-telefon-bravis-a552-joy-max-seryy
Сотовый телефон Huawei P smart Z 4/64GB синий,14990 сом,https://www.kivano.kg/product/view/sotovyy-telefon-huawei-p-smart-z-4-64gb-siniy,https://www.kivano.kg/product/view/sotovyy-telefon-huawei-p-smart-z-4-64gb-siniy
Сотовый телефон BRAVIS Next черный,5430 сом,https://www.kivano.kg/product/view/sotovyy-telefon-bravis-next-chernyy,https://www.kivano.kg/product/view/sotovyy-telefon-bravis-next-chernyy
Сотовый телефон Xiaomi Mi 9T 6/64GB синий,20850 сом,https://www.kivano.kg/product/view/sotovyy-telefon-xiaomi-mi-9t-6-64gb-siniy,https://www.kivano.kg/product/view/sotovyy-telefon-xiaomi-mi-9t-6-64gb-siniy
Сотовый телефон Samsung Galaxy S10 plus 8/128GB (SM-G975F/DS) синий,53850 сом,https://www.kivano.kg/product/view/sotovyy-telefon-samsung-galaxy-s10-plus-8-128gb-sm-g975f-ds-siniy,https://www.kivano.kg/product/view/sotovyy-telefon-samsung-galaxy-s10-plus-8-128gb-sm-g975f-ds-siniy
Сотовый телефон Philips Xenium E311 синий,5590 сом,https://www.kivano.kg/product/view/sotovyy-telefon-philips-xenium-e311-siniy,https://www.kivano.kg/product/view/sotovyy-telefon-philips-xenium-e311-siniy
Сотовый телефон Xiaomi Mi 9T 6/128GB синий,21890 сом,https://www.kivano.kg/product/view/sotovyy-telefon-xiaomi-mi-9t-6-128gb-siniy,https://www.kivano.kg/product/view/sotovyy-telefon-xiaomi-mi-9t-6-128gb-siniy
Сотовый телефон Samsung Galaxy S10 8/128GB (SM-G973F/DS) черный оникс,"47380 сом
-2%

46500 сом",https://www.kivano.kg/product/view/sotovyy-telefon-samsung-galaxy-s10-8-128gb-sm-g973f-ds-chernyy-oniks,https://www.kivano.kg/product/view/sotovyy-telefon-samsung-galaxy-s10-8-128gb-sm-g973f-ds-chernyy-oniks
Сотовый телефон Xiaomi Redmi 8 3/32GB красный,"10390 сом
-3%

10070 сом",https://www.kivano.kg/product/view/sotovyy-telefon-xiaomi-redmi-8-3-32gb-krasnyy,https://www.kivano.kg/product/view/sotovyy-telefon-xiaomi-redmi-8-3-32gb-krasnyy
Сотовый телефон BRAVIS Trend черный,6630 сом,https://www.kivano.kg/product/view/sotovyy-telefon-bravis-trend-chernyy,https://www.kivano.kg/product/view/sotovyy-telefon-bravis-trend-chernyy
Сотовый телефон Samsung Galaxy S10 Plus 8/128GB (SM-G975F/DS) черный оникс,"53690 сом
-1%

53370 сом",https://www.kivano.kg/product/view/sotovyy-telefon-samsung-galaxy-s10-plus-8-128gb-sm-g975f-ds-chernyy-oniks,https://www.kivano.kg/product/view/sotovyy-telefon-samsung-galaxy-s10-plus-8-128gb-sm-g975f-ds-chernyy-oniks
Сотовый телефон Xiaomi Redmi Note 8 4/128Gb белый,"14220 сом
-1%

14060 сом",https://www.kivano.kg/product/view/sotovyy-telefon-xiaomi-redmi-note-8-4-128gb-belyy,https://www.kivano.kg/product/view/sotovyy-telefon-xiaomi-redmi-note-8-4-128gb-belyy
Сотовый телефон BRAVIS Trend белый,6630 сом,https://www.kivano.kg/product/view/sotovyy-telefon-bravis-trend-belyy,https://www.kivano.kg/product/view/sotovyy-telefon-bravis-trend-belyy
Сотовый телефон Honor 8X 4/64GB синий,"15420 сом
-17%

12780 сом",https://www.kivano.kg/product/view/sotovyy-telefon-honor-8x-4-64gb-siniy,https://www.kivano.kg/product/view/sotovyy-telefon-honor-8x-4-64gb-siniy
Сотовый телефон Samsung Galaxy Z Flip 8/256GB (SM-F700F) черный бриллиант,Скоро,https://www.kivano.kg/product/view/sotovyy-telefon-samsung-galaxy-z-flip-8-256gb-sm-f700f-chernyy-brilliant,https://www.kivano.kg/product/view/sotovyy-telefon-samsung-galaxy-z-flip-8-256gb-sm-f700f-chernyy-brilliant
Сотовый телефон Samsung Galaxy A71 (2020) 128GB (SM-A715F/DS) голубой,"31240 сом
-2%

30760 сом",https://www.kivano.kg/product/view/sotovyy-telefon-samsung-galaxy-a71-2020-128gb-sm-a715f-ds-goluboy,https://www.kivano.kg/product/view/sotovyy-telefon-samsung-galaxy-a71-2020-128gb-sm-a715f-ds-goluboy
Сотовый телефон Samsung Galaxy Z Flip 8/256GB (SM-F700F) сияющий аметист,Скоро,https://www.kivano.kg/product/view/sotovyy-telefon-samsung-galaxy-z-flip-8-256gb-sm-f700f-siyayuschiy-ametist,https://www.kivano.kg/product/view/sotovyy-telefon-samsung-galaxy-z-flip-8-256gb-sm-f700f-siyayuschiy-ametist
Сотовый телефон Samsung Galaxy A71 (2020) 128GB (SM-A715F/DS) серебристый,"30760 сом
-1%

30360 сом",https://www.kivano.kg/product/view/sotovyy-telefon-samsung-galaxy-a71-2020-128gb-sm-a715f-ds-serebristyy,https://www.kivano.kg/product/view/sotovyy-telefon-samsung-galaxy-a71-2020-128gb-sm-a715f-ds-serebristyy
Сотовый телефон BRAVIS A552 Joy Max золотой,6710 сом,https://www.kivano.kg/product/view/sotovyy-telefon-bravis-a552-joy-max-zolotoy,https://www.kivano.kg/product/view/sotovyy-telefon-bravis-a552-joy-max-zolotoy
Сотовый телефон Huawei P smart Z 4/64GB черный,14990 сом,https://www.kivano.kg/product/view/sotovyy-telefon-huawei-p-smart-z-4-64gb-chernyy,https://www.kivano.kg/product/view/sotovyy-telefon-huawei-p-smart-z-4-64gb-chernyy
Сотовый телефон BRAVIS A552 Joy Max серый,6710 сом,https://www.kivano.kg/product/view/sotovyy-telefon-bravis-a552-joy-max-seryy,https://www.kivano.kg/product/view/sotovyy-telefon-bravis-a552-joy-max-seryy
Сотовый телефон Huawei P smart Z 4/64GB синий,14990 сом,https://www.kivano.kg/product/view/sotovyy-telefon-huawei-p-smart-z-4-64gb-siniy,https://www.kivano.kg/product/view/sotovyy-telefon-huawei-p-smart-z-4-64gb-siniy
Сотовый телефон BRAVIS Next черный,5430 сом,https://www.kivano.kg/product/view/sotovyy-telefon-bravis-next-chernyy,https://www.kivano.kg/product/view/sotovyy-telefon-bravis-next-chernyy
Сотовый телефон Xiaomi Mi 9T 6/64GB синий,20850 сом,https://www.kivano.kg/product/view/sotovyy-telefon-xiaomi-mi-9t-6-64gb-siniy,https://www.kivano.kg/product/view/sotovyy-telefon-xiaomi-mi-9t-6-64gb-siniy
Сотовый телефон Samsung Galaxy S10 plus 8/128GB (SM-G975F/DS) синий,53850 сом,https://www.kivano.kg/product/view/sotovyy-telefon-samsung-galaxy-s10-plus-8-128gb-sm-g975f-ds-siniy,https://www.kivano.kg/product/view/sotovyy-telefon-samsung-galaxy-s10-plus-8-128gb-sm-g975f-ds-siniy
Сотовый телефон Philips Xenium E311 синий,5590 сом,https://www.kivano.kg/product/view/sotovyy-telefon-philips-xenium-e311-siniy,https://www.kivano.kg/product/view/sotovyy-telefon-philips-xenium-e311-siniy
Сотовый телефон Xiaomi Mi 9T 6/128GB синий,21890 сом,https://www.kivano.kg/product/view/sotovyy-telefon-xiaomi-mi-9t-6-128gb-siniy,https://www.kivano.kg/product/view/sotovyy-telefon-xiaomi-mi-9t-6-128gb-siniy
Сотовый телефон Samsung Galaxy S10 8/128GB (SM-G973F/DS) черный оникс,"47380 сом
-2%

46500 сом",https://www.kivano.kg/product/view/sotovyy-telefon-samsung-galaxy-s10-8-128gb-sm-g973f-ds-chernyy-oniks,https://www.kivano.kg/product/view/sotovyy-telefon-samsung-galaxy-s10-8-128gb-sm-g973f-ds-chernyy-oniks
Сотовый телефон Xiaomi Redmi 8 3/32GB красный,"10390 сом
-3%

10070 сом",https://www.kivano.kg/product/view/sotovyy-telefon-xiaomi-redmi-8-3-32gb-krasnyy,https://www.kivano.kg/product/view/sotovyy-telefon-xiaomi-redmi-8-3-32gb-krasnyy
Сотовый телефон BRAVIS Trend черный,6630 сом,https://www.kivano.kg/product/view/sotovyy-telefon-bravis-trend-chernyy,https://www.kivano.kg/product/view/sotovyy-telefon-bravis-trend-chernyy
Сотовый телефон Samsung Galaxy S10 Plus 8/128GB (SM-G975F/DS) черный оникс,"53690 сом
-1%

53370 сом",https://www.kivano.kg/product/view/sotovyy-telefon-samsung-galaxy-s10-plus-8-128gb-sm-g975f-ds-chernyy-oniks,https://www.kivano.kg/product/view/sotovyy-telefon-samsung-galaxy-s10-plus-8-128gb-sm-g975f-ds-chernyy-oniks
Сотовый телефон Xiaomi Redmi Note 8 4/128Gb белый,"14220 сом
-1%

14060 сом",https://www.kivano.kg/product/view/sotovyy-telefon-xiaomi-redmi-note-8-4-128gb-belyy,https://www.kivano.kg/product/view/sotovyy-telefon-xiaomi-redmi-note-8-4-128gb-belyy
Сотовый телефон BRAVIS Trend белый,6630 сом,https://www.kivano.kg/product/view/sotovyy-telefon-bravis-trend-belyy,https://www.kivano.kg/product/view/sotovyy-telefon-bravis-trend-belyy
Сотовый телефон Honor 8X 4/64GB синий,"15420 сом
-17%

12780 сом",https://www.kivano.kg/product/view/sotovyy-telefon-honor-8x-4-64gb-siniy,https://www.kivano.kg/product/view/sotovyy-telefon-honor-8x-4-64gb-siniy
Сотовый телефон Samsung Galaxy Z Flip 8/256GB (SM-F700F) черный бриллиант,Скоро,https://www.kivano.kg/product/view/sotovyy-telefon-samsung-galaxy-z-flip-8-256gb-sm-f700f-chernyy-brilliant,https://www.kivano.kg/product/view/sotovyy-telefon-samsung-galaxy-z-flip-8-256gb-sm-f700f-chernyy-brilliant
Сотовый телефон Samsung Galaxy A71 (2020) 128GB (SM-A715F/DS) голубой,"31240 сом
-2%

30760 сом",https://www.kivano.kg/product/view/sotovyy-telefon-samsung-galaxy-a71-2020-128gb-sm-a715f-ds-goluboy,https://www.kivano.kg/product/view/sotovyy-telefon-samsung-galaxy-a71-2020-128gb-sm-a715f-ds-goluboy
Сотовый телефон Samsung Galaxy Z Flip 8/256GB (SM-F700F) сияющий аметист,Скоро,https://www.kivano.kg/product/view/sotovyy-telefon-samsung-galaxy-z-flip-8-256gb-sm-f700f-siyayuschiy-ametist,https://www.kivano.kg/product/view/sotovyy-telefon-samsung-galaxy-z-flip-8-256gb-sm-f700f-siyayuschiy-ametist
Сотовый телефон Samsung Galaxy A71 (2020) 128GB (SM-A715F/DS) серебристый,"30760 сом
-1%

30360 сом",https://www.kivano.kg/product/view/sotovyy-telefon-samsung-galaxy-a71-2020-128gb-sm-a715f-ds-serebristyy,https://www.kivano.kg/product/view/sotovyy-telefon-samsung-galaxy-a71-2020-128gb-sm-a715f-ds-serebristyy
Сотовый телефон BRAVIS A552 Joy Max золотой,6710 сом,https://www.kivano.kg/product/view/sotovyy-telefon-bravis-a552-joy-max-zolotoy,https://www.kivano.kg/product/view/sotovyy-telefon-bravis-a552-joy-max-zolotoy
Сотовый телефон Huawei P smart Z 4/64GB черный,14990 сом,https://www.kivano.kg/product/view/sotovyy-telefon-huawei-p-smart-z-4-64gb-chernyy,https://www.kivano.kg/product/view/sotovyy-telefon-huawei-p-smart-z-4-64gb-chernyy
Сотовый телефон BRAVIS A552 Joy Max серый,6710 сом,https://www.kivano.kg/product/view/sotovyy-telefon-bravis-a552-joy-max-seryy,https://www.kivano.kg/product/view/sotovyy-telefon-bravis-a552-joy-max-seryy
Сотовый телефон Huawei P smart Z 4/64GB синий,14990 сом,https://www.kivano.kg/product/view/sotovyy-telefon-huawei-p-smart-z-4-64gb-siniy,https://www.kivano.kg/product/view/sotovyy-telefon-huawei-p-smart-z-4-64gb-siniy
Сотовый телефон BRAVIS Next черный,5430 сом,https://www.kivano.kg/product/view/sotovyy-telefon-bravis-next-chernyy,https://www.kivano.kg/product/view/sotovyy-telefon-bravis-next-chernyy
Сотовый телефон Xiaomi Mi 9T 6/64GB синий,20850 сом,https://www.kivano.kg/product/view/sotovyy-telefon-xiaomi-mi-9t-6-64gb-siniy,https://www.kivano.kg/product/view/sotovyy-telefon-xiaomi-mi-9t-6-64gb-siniy
Сотовый телефон Samsung Galaxy S10 plus 8/128GB (SM-G975F/DS) синий,53850 сом,https://www.kivano.kg/product/view/sotovyy-telefon-samsung-galaxy-s10-plus-8-128gb-sm-g975f-ds-siniy,https://www.kivano.kg/product/view/sotovyy-telefon-samsung-galaxy-s10-plus-8-128gb-sm-g975f-ds-siniy
Сотовый телефон Philips Xenium E311 синий,5590 сом,https://www.kivano.kg/product/view/sotovyy-telefon-philips-xenium-e311-siniy,https://www.kivano.kg/product/view/sotovyy-telefon-philips-xenium-e311-siniy
Сотовый телефон Xiaomi Mi 9T 6/128GB синий,21890 сом,https://www.kivano.kg/product/view/sotovyy-telefon-xiaomi-mi-9t-6-128gb-siniy,https://www.kivano.kg/product/view/sotovyy-telefon-xiaomi-mi-9t-6-128gb-siniy
Сотовый телефон Samsung Galaxy S10 8/128GB (SM-G973F/DS) черный оникс,"47380 сом
-2%

46500 сом",https://www.kivano.kg/product/view/sotovyy-telefon-samsung-galaxy-s10-8-128gb-sm-g973f-ds-chernyy-oniks,https://www.kivano.kg/product/view/sotovyy-telefon-samsung-galaxy-s10-8-128gb-sm-g973f-ds-chernyy-oniks
Сотовый телефон Xiaomi Redmi 8 3/32GB красный,"10390 сом
-3%

10070 сом",https://www.kivano.kg/product/view/sotovyy-telefon-xiaomi-redmi-8-3-32gb-krasnyy,https://www.kivano.kg/product/view/sotovyy-telefon-xiaomi-redmi-8-3-32gb-krasnyy
Сотовый телефон BRAVIS Trend черный,6630 сом,https://www.kivano.kg/product/view/sotovyy-telefon-bravis-trend-chernyy,https://www.kivano.kg/product/view/sotovyy-telefon-bravis-trend-chernyy
Сотовый телефон Samsung Galaxy S10 Plus 8/128GB (SM-G975F/DS) черный оникс,"53690 сом
-1%

53370 сом",https://www.kivano.kg/product/view/sotovyy-telefon-samsung-galaxy-s10-plus-8-128gb-sm-g975f-ds-chernyy-oniks,https://www.kivano.kg/product/view/sotovyy-telefon-samsung-galaxy-s10-plus-8-128gb-sm-g975f-ds-chernyy-oniks
Сотовый телефон Xiaomi Redmi Note 8 4/128Gb белый,"14220 сом
-1%

14060 сом",https://www.kivano.kg/product/view/sotovyy-telefon-xiaomi-redmi-note-8-4-128gb-belyy,https://www.kivano.kg/product/view/sotovyy-telefon-xiaomi-redmi-note-8-4-128gb-belyy
Сотовый телефон BRAVIS Trend белый,6630 сом,https://www.kivano.kg/product/view/sotovyy-telefon-bravis-trend-belyy,https://www.kivano.kg/product/view/sotovyy-telefon-bravis-trend-belyy
Сотовый телефон Honor 8X 4/64GB синий,"15420 сом
-17%

12780 сом",https://www.kivano.kg/product/view/sotovyy-telefon-honor-8x-4-64gb-siniy,https://www.kivano.kg/product/view/sotovyy-telefon-honor-8x-4-64gb-siniy
Сотовый телефон Samsung Galaxy Z Flip 8/256GB (SM-F700F) черный бриллиант,Скоро,https://www.kivano.kg/product/view/sotovyy-telefon-samsung-galaxy-z-flip-8-256gb-sm-f700f-chernyy-brilliant,https://www.kivano.kg/product/view/sotovyy-telefon-samsung-galaxy-z-flip-8-256gb-sm-f700f-chernyy-brilliant
Сотовый телефон Samsung Galaxy A71 (2020) 128GB (SM-A715F/DS) голубой,"31240 сом
-2%

30760 сом",https://www.kivano.kg/product/view/sotovyy-telefon-samsung-galaxy-a71-2020-128gb-sm-a715f-ds-goluboy,https://www.kivano.kg/product/view/sotovyy-telefon-samsung-galaxy-a71-2020-128gb-sm-a715f-ds-goluboy
Сотовый телефон Samsung Galaxy Z Flip 8/256GB (SM-F700F) сияющий аметист,Скоро,https://www.kivano.kg/product/view/sotovyy-telefon-samsung-galaxy-z-flip-8-256gb-sm-f700f-siyayuschiy-ametist,https://www.kivano.kg/product/view/sotovyy-telefon-samsung-galaxy-z-flip-8-256gb-sm-f700f-siyayuschiy-ametist
Сотовый телефон Samsung Galaxy A71 (2020) 128GB (SM-A715F/DS) серебристый,"30760 сом
-1%

30360 сом",https://www.kivano.kg/product/view/sotovyy-telefon-samsung-galaxy-a71-2020-128gb-sm-a715f-ds-serebristyy,https://www.kivano.kg/product/view/sotovyy-telefon-samsung-galaxy-a71-2020-128gb-sm-a715f-ds-serebristyy
Сотовый телефон BRAVIS A552 Joy Max золотой,6710 сом,https://www.kivano.kg/product/view/sotovyy-telefon-bravis-a552-joy-max-zolotoy,https://www.kivano.kg/product/view/sotovyy-telefon-bravis-a552-joy-max-zolotoy
Сотовый телефон Huawei P smart Z 4/64GB черный,14990 сом,https://www.kivano.kg/product/view/sotovyy-telefon-huawei-p-smart-z-4-64gb-chernyy,https://www.kivano.kg/product/view/sotovyy-telefon-huawei-p-smart-z-4-64gb-chernyy
Сотовый телефон BRAVIS A552 Joy Max серый,6710 сом,https://www.kivano.kg/product/view/sotovyy-telefon-bravis-a552-joy-max-seryy,https://www.kivano.kg/product/view/sotovyy-telefon-bravis-a552-joy-max-seryy
Сотовый телефон Huawei P smart Z 4/64GB синий,14990 сом,https://www.kivano.kg/product/view/sotovyy-telefon-huawei-p-smart-z-4-64gb-siniy,https://www.kivano.kg/product/view/sotovyy-telefon-huawei-p-smart-z-4-64gb-siniy
Сотовый телефон BRAVIS Next черный,5430 сом,https://www.kivano.kg/product/view/sotovyy-telefon-bravis-next-chernyy,https://www.kivano.kg/product/view/sotovyy-telefon-bravis-next-chernyy
Сотовый телефон Xiaomi Mi 9T 6/64GB синий,20850 сом,https://www.kivano.kg/product/view/sotovyy-telefon-xiaomi-mi-9t-6-64gb-siniy,https://www.kivano.kg/product/view/sotovyy-telefon-xiaomi-mi-9t-6-64gb-siniy
Сотовый телефон Samsung Galaxy S10 plus 8/128GB (SM-G975F/DS) синий,53850 сом,https://www.kivano.kg/product/view/sotovyy-telefon-samsung-galaxy-s10-plus-8-128gb-sm-g975f-ds-siniy,https://www.kivano.kg/product/view/sotovyy-telefon-samsung-galaxy-s10-plus-8-128gb-sm-g975f-ds-siniy
Сотовый телефон Philips Xenium E311 синий,5590 сом,https://www.kivano.kg/product/view/sotovyy-telefon-philips-xenium-e311-siniy,https://www.kivano.kg/product/view/sotovyy-telefon-philips-xenium-e311-siniy
Сотовый телефон Xiaomi Mi 9T 6/128GB синий,21890 сом,https://www.kivano.kg/product/view/sotovyy-telefon-xiaomi-mi-9t-6-128gb-siniy,https://www.kivano.kg/product/view/sotovyy-telefon-xiaomi-mi-9t-6-128gb-siniy
Сотовый телефон Samsung Galaxy S10 8/128GB (SM-G973F/DS) черный оникс,"47380 сом
-2%

46500 сом",https://www.kivano.kg/product/view/sotovyy-telefon-samsung-galaxy-s10-8-128gb-sm-g973f-ds-chernyy-oniks,https://www.kivano.kg/product/view/sotovyy-telefon-samsung-galaxy-s10-8-128gb-sm-g973f-ds-chernyy-oniks
Сотовый телефон Xiaomi Redmi 8 3/32GB красный,"10390 сом
-3%

10070 сом",https://www.kivano.kg/product/view/sotovyy-telefon-xiaomi-redmi-8-3-32gb-krasnyy,https://www.kivano.kg/product/view/sotovyy-telefon-xiaomi-redmi-8-3-32gb-krasnyy
Сотовый телефон BRAVIS Trend черный,6630 сом,https://www.kivano.kg/product/view/sotovyy-telefon-bravis-trend-chernyy,https://www.kivano.kg/product/view/sotovyy-telefon-bravis-trend-chernyy
Сотовый телефон Samsung Galaxy S10 Plus 8/128GB (SM-G975F/DS) черный оникс,"53690 сом
-1%

53370 сом",https://www.kivano.kg/product/view/sotovyy-telefon-samsung-galaxy-s10-plus-8-128gb-sm-g975f-ds-chernyy-oniks,https://www.kivano.kg/product/view/sotovyy-telefon-samsung-galaxy-s10-plus-8-128gb-sm-g975f-ds-chernyy-oniks
Сотовый телефон Xiaomi Redmi Note 8 4/128Gb белый,"14220 сом
-1%

14060 сом",https://www.kivano.kg/product/view/sotovyy-telefon-xiaomi-redmi-note-8-4-128gb-belyy,https://www.kivano.kg/product/view/sotovyy-telefon-xiaomi-redmi-note-8-4-128gb-belyy
Сотовый телефон BRAVIS Trend белый,6630 сом,https://www.kivano.kg/product/view/sotovyy-telefon-bravis-trend-belyy,https://www.kivano.kg/product/view/sotovyy-telefon-bravis-trend-belyy
Сотовый телефон Honor 8X 4/64GB синий,"15420 сом
-17%

12780 сом",https://www.kivano.kg/product/view/sotovyy-telefon-honor-8x-4-64gb-siniy,https://www.kivano.kg/product/view/sotovyy-telefon-honor-8x-4-64gb-siniy
Сотовый телефон Samsung Galaxy Z Flip 8/256GB (SM-F700F) черный бриллиант,Скоро,https://www.kivano.kg/product/view/sotovyy-telefon-samsung-galaxy-z-flip-8-256gb-sm-f700f-chernyy-brilliant,https://www.kivano.kg/product/view/sotovyy-telefon-samsung-galaxy-z-flip-8-256gb-sm-f700f-chernyy-brilliant
Сотовый телефон Samsung Galaxy A71 (2020) 128GB (SM-A715F/DS) голубой,"31240 сом
-2%

30760 сом",https://www.kivano.kg/product/view/sotovyy-telefon-samsung-galaxy-a71-2020-128gb-sm-a715f-ds-goluboy,https://www.kivano.kg/product/view/sotovyy-telefon-samsung-galaxy-a71-2020-128gb-sm-a715f-ds-goluboy
Сотовый телефон Samsung Galaxy Z Flip 8/256GB (SM-F700F) сияющий аметист,Скоро,https://www.kivano.kg/product/view/sotovyy-telefon-samsung-galaxy-z-flip-8-256gb-sm-f700f-siyayuschiy-ametist,https://www.kivano.kg/product/view/sotovyy-telefon-samsung-galaxy-z-flip-8-256gb-sm-f700f-siyayuschiy-ametist
Сотовый телефон Samsung Galaxy A71 (2020) 128GB (SM-A715F/DS) серебристый,"30760 сом
-1%

30360 сом",https://www.kivano.kg/product/view/sotovyy-telefon-samsung-galaxy-a71-2020-128gb-sm-a715f-ds-serebristyy,https://www.kivano.kg/product/view/sotovyy-telefon-samsung-galaxy-a71-2020-128gb-sm-a715f-ds-serebristyy
Сотовый телефон BRAVIS A552 Joy Max золотой,6710 сом,https://www.kivano.kg/product/view/sotovyy-telefon-bravis-a552-joy-max-zolotoy,https://www.kivano.kg/product/view/sotovyy-telefon-bravis-a552-joy-max-zolotoy
Сотовый телефон Huawei P smart Z 4/64GB черный,14990 сом,https://www.kivano.kg/product/view/sotovyy-telefon-huawei-p-smart-z-4-64gb-chernyy,https://www.kivano.kg/product/view/sotovyy-telefon-huawei-p-smart-z-4-64gb-chernyy
Сотовый телефон BRAVIS A552 Joy Max серый,6710 сом,https://www.kivano.kg/product/view/sotovyy-telefon-bravis-a552-joy-max-seryy,https://www.kivano.kg/product/view/sotovyy-telefon-bravis-a552-joy-max-seryy
Сотовый телефон Huawei P smart Z 4/64GB синий,14990 сом,https://www.kivano.kg/product/view/sotovyy-telefon-huawei-p-smart-z-4-64gb-siniy,https://www.kivano.kg/product/view/sotovyy-telefon-huawei-p-smart-z-4-64gb-siniy
Сотовый телефон BRAVIS Next черный,5430 сом,https://www.kivano.kg/product/view/sotovyy-telefon-bravis-next-chernyy,https://www.kivano.kg/product/view/sotovyy-telefon-bravis-next-chernyy
Сотовый телефон Xiaomi Mi 9T 6/64GB синий,20850 сом,https://www.kivano.kg/product/view/sotovyy-telefon-xiaomi-mi-9t-6-64gb-siniy,https://www.kivano.kg/product/view/sotovyy-telefon-xiaomi-mi-9t-6-64gb-siniy
Сотовый телефон Samsung Galaxy S10 plus 8/128GB (SM-G975F/DS) синий,53850 сом,https://www.kivano.kg/product/view/sotovyy-telefon-samsung-galaxy-s10-plus-8-128gb-sm-g975f-ds-siniy,https://www.kivano.kg/product/view/sotovyy-telefon-samsung-galaxy-s10-plus-8-128gb-sm-g975f-ds-siniy
Сотовый телефон Philips Xenium E311 синий,5590 сом,https://www.kivano.kg/product/view/sotovyy-telefon-philips-xenium-e311-siniy,https://www.kivano.kg/product/view/sotovyy-telefon-philips-xenium-e311-siniy
Сотовый телефон Xiaomi Mi 9T 6/128GB синий,21890 сом,https://www.kivano.kg/product/view/sotovyy-telefon-xiaomi-mi-9t-6-128gb-siniy,https://www.kivano.kg/product/view/sotovyy-telefon-xiaomi-mi-9t-6-128gb-siniy
Сотовый телефон Samsung Galaxy S10 8/128GB (SM-G973F/DS) черный оникс,"47380 сом
-2%

46500 сом",https://www.kivano.kg/product/view/sotovyy-telefon-samsung-galaxy-s10-8-128gb-sm-g973f-ds-chernyy-oniks,https://www.kivano.kg/product/view/sotovyy-telefon-samsung-galaxy-s10-8-128gb-sm-g973f-ds-chernyy-oniks
Сотовый телефон Xiaomi Redmi 8 3/32GB красный,"10390 сом
-3%

10070 сом",https://www.kivano.kg/product/view/sotovyy-telefon-xiaomi-redmi-8-3-32gb-krasnyy,https://www.kivano.kg/product/view/sotovyy-telefon-xiaomi-redmi-8-3-32gb-krasnyy
Сотовый телефон BRAVIS Trend черный,6630 сом,https://www.kivano.kg/product/view/sotovyy-telefon-bravis-trend-chernyy,https://www.kivano.kg/product/view/sotovyy-telefon-bravis-trend-chernyy
Сотовый телефон Samsung Galaxy S10 Plus 8/128GB (SM-G975F/DS) черный оникс,"53690 сом
-1%

53370 сом",https://www.kivano.kg/product/view/sotovyy-telefon-samsung-galaxy-s10-plus-8-128gb-sm-g975f-ds-chernyy-oniks,https://www.kivano.kg/product/view/sotovyy-telefon-samsung-galaxy-s10-plus-8-128gb-sm-g975f-ds-chernyy-oniks
Сотовый телефон Xiaomi Redmi Note 8 4/128Gb белый,"14220 сом
-1%

14060 сом",https://www.kivano.kg/product/view/sotovyy-telefon-xiaomi-redmi-note-8-4-128gb-belyy,https://www.kivano.kg/product/view/sotovyy-telefon-xiaomi-redmi-note-8-4-128gb-belyy
Сотовый телефон BRAVIS Trend белый,6630 сом,https://www.kivano.kg/product/view/sotovyy-telefon-bravis-trend-belyy,https://www.kivano.kg/product/view/sotovyy-telefon-bravis-trend-belyy
Сотовый телефон Honor 8X 4/64GB синий,"15420 сом
-17%

12780 сом",https://www.kivano.kg/product/view/sotovyy-telefon-honor-8x-4-64gb-siniy,https://www.kivano.kg/product/view/sotovyy-telefon-honor-8x-4-64gb-siniy
Сотовый телефон Samsung Galaxy Z Flip 8/256GB (SM-F700F) черный бриллиант,Скоро,https://www.kivano.kg/product/view/sotovyy-telefon-samsung-galaxy-z-flip-8-256gb-sm-f700f-chernyy-brilliant,https://www.kivano.kg/product/view/sotovyy-telefon-samsung-galaxy-z-flip-8-256gb-sm-f700f-chernyy-brilliant
Сотовый телефон Samsung Galaxy A71 (2020) 128GB (SM-A715F/DS) голубой,"31240 сом
-2%

30760 сом",https://www.kivano.kg/product/view/sotovyy-telefon-samsung-galaxy-a71-2020-128gb-sm-a715f-ds-goluboy,https://www.kivano.kg/product/view/sotovyy-telefon-samsung-galaxy-a71-2020-128gb-sm-a715f-ds-goluboy
Сотовый телефон Samsung Galaxy Z Flip 8/256GB (SM-F700F) сияющий аметист,Скоро,https://www.kivano.kg/product/view/sotovyy-telefon-samsung-galaxy-z-flip-8-256gb-sm-f700f-siyayuschiy-ametist,https://www.kivano.kg/product/view/sotovyy-telefon-samsung-galaxy-z-flip-8-256gb-sm-f700f-siyayuschiy-ametist
Сотовый телефон Samsung Galaxy A71 (2020) 128GB (SM-A715F/DS) серебристый,"30760 сом
-1%

30360 сом",https://www.kivano.kg/product/view/sotovyy-telefon-samsung-galaxy-a71-2020-128gb-sm-a715f-ds-serebristyy,https://www.kivano.kg/product/view/sotovyy-telefon-samsung-galaxy-a71-2020-128gb-sm-a715f-ds-serebristyy
Сотовый телефон BRAVIS A552 Joy Max золотой,6710 сом,https://www.kivano.kg/product/view/sotovyy-telefon-bravis-a552-joy-max-zolotoy,https://www.kivano.kg/product/view/sotovyy-telefon-bravis-a552-joy-max-zolotoy
Сотовый телефон Huawei P smart Z 4/64GB черный,14990 сом,https://www.kivano.kg/product/view/sotovyy-telefon-huawei-p-smart-z-4-64gb-chernyy,https://www.kivano.kg/product/view/sotovyy-telefon-huawei-p-smart-z-4-64gb-chernyy
Сотовый телефон BRAVIS A552 Joy Max серый,6710 сом,https://www.kivano.kg/product/view/sotovyy-telefon-bravis-a552-joy-max-seryy,https://www.kivano.kg/product/view/sotovyy-telefon-bravis-a552-joy-max-seryy
Сотовый телефон Huawei P smart Z 4/64GB синий,14990 сом,https://www.kivano.kg/product/view/sotovyy-telefon-huawei-p-smart-z-4-64gb-siniy,https://www.kivano.kg/product/view/sotovyy-telefon-huawei-p-smart-z-4-64gb-siniy
Сотовый телефон BRAVIS Next черный,5430 сом,https://www.kivano.kg/product/view/sotovyy-telefon-bravis-next-chernyy,https://www.kivano.kg/product/view/sotovyy-telefon-bravis-next-chernyy
Сотовый телефон Xiaomi Mi 9T 6/64GB синий,20850 сом,https://www.kivano.kg/product/view/sotovyy-telefon-xiaomi-mi-9t-6-64gb-siniy,https://www.kivano.kg/product/view/sotovyy-telefon-xiaomi-mi-9t-6-64gb-siniy
Сотовый телефон Samsung Galaxy S10 plus 8/128GB (SM-G975F/DS) синий,53850 сом,https://www.kivano.kg/product/view/sotovyy-telefon-samsung-galaxy-s10-plus-8-128gb-sm-g975f-ds-siniy,https://www.kivano.kg/product/view/sotovyy-telefon-samsung-galaxy-s10-plus-8-128gb-sm-g975f-ds-siniy
Сотовый телефон Philips Xenium E311 синий,5590 сом,https://www.kivano.kg/product/view/sotovyy-telefon-philips-xenium-e311-siniy,https://www.kivano.kg/product/view/sotovyy-telefon-philips-xenium-e311-siniy
Сотовый телефон Xiaomi Mi 9T 6/128GB синий,21890 сом,https://www.kivano.kg/product/view/sotovyy-telefon-xiaomi-mi-9t-6-128gb-siniy,https://www.kivano.kg/product/view/sotovyy-telefon-xiaomi-mi-9t-6-128gb-siniy
Сотовый телефон Samsung Galaxy S10 8/128GB (SM-G973F/DS) черный оникс,"47380 сом
-2%

46500 сом",https://www.kivano.kg/product/view/sotovyy-telefon-samsung-galaxy-s10-8-128gb-sm-g973f-ds-chernyy-oniks,https://www.kivano.kg/product/view/sotovyy-telefon-samsung-galaxy-s10-8-128gb-sm-g973f-ds-chernyy-oniks
Сотовый телефон Xiaomi Redmi 8 3/32GB красный,"10390 сом
-3%

10070 сом",https://www.kivano.kg/product/view/sotovyy-telefon-xiaomi-redmi-8-3-32gb-krasnyy,https://www.kivano.kg/product/view/sotovyy-telefon-xiaomi-redmi-8-3-32gb-krasnyy
Сотовый телефон BRAVIS Trend черный,6630 сом,https://www.kivano.kg/product/view/sotovyy-telefon-bravis-trend-chernyy,https://www.kivano.kg/product/view/sotovyy-telefon-bravis-trend-chernyy
Сотовый телефон Samsung Galaxy S10 Plus 8/128GB (SM-G975F/DS) черный оникс,"53690 сом
-1%

53370 сом",https://www.kivano.kg/product/view/sotovyy-telefon-samsung-galaxy-s10-plus-8-128gb-sm-g975f-ds-chernyy-oniks,https://www.kivano.kg/product/view/sotovyy-telefon-samsung-galaxy-s10-plus-8-128gb-sm-g975f-ds-chernyy-oniks
Сотовый телефон Xiaomi Redmi Note 8 4/128Gb белый,"14220 сом
-1%

14060 сом",https://www.kivano.kg/product/view/sotovyy-telefon-xiaomi-redmi-note-8-4-128gb-belyy,https://www.kivano.kg/product/view/sotovyy-telefon-xiaomi-redmi-note-8-4-128gb-belyy
Сотовый телефон BRAVIS Trend белый,6630 сом,https://www.kivano.kg/product/view/sotovyy-telefon-bravis-trend-belyy,https://www.kivano.kg/product/view/sotovyy-telefon-bravis-trend-belyy
Сотовый телефон Honor 8X 4/64GB синий,"15420 сом
-17%

12780 сом",https://www.kivano.kg/product/view/sotovyy-telefon-honor-8x-4-64gb-siniy,https://www.kivano.kg/product/view/sotovyy-telefon-honor-8x-4-64gb-siniy
Сотовый телефон Samsung Galaxy Z Flip 8/256GB (SM-F700F) черный бриллиант,Скоро,https://www.kivano.kg/product/view/sotovyy-telefon-samsung-galaxy-z-flip-8-256gb-sm-f700f-chernyy-brilliant,https://www.kivano.kg/product/view/sotovyy-telefon-samsung-galaxy-z-flip-8-256gb-sm-f700f-chernyy-brilliant
Сотовый телефон Samsung Galaxy A71 (2020) 128GB (SM-A715F/DS) голубой,"31240 сом
-2%

30760 сом",https://www.kivano.kg/product/view/sotovyy-telefon-samsung-galaxy-a71-2020-128gb-sm-a715f-ds-goluboy,https://www.kivano.kg/product/view/sotovyy-telefon-samsung-galaxy-a71-2020-128gb-sm-a715f-ds-goluboy
Сотовый телефон Samsung Galaxy Z Flip 8/256GB (SM-F700F) сияющий аметист,Скоро,https://www.kivano.kg/product/view/sotovyy-telefon-samsung-galaxy-z-flip-8-256gb-sm-f700f-siyayuschiy-ametist,https://www.kivano.kg/product/view/sotovyy-telefon-samsung-galaxy-z-flip-8-256gb-sm-f700f-siyayuschiy-ametist
Сотовый телефон Samsung Galaxy A71 (2020) 128GB (SM-A715F/DS) серебристый,"30760 сом
-1%

30360 сом",https://www.kivano.kg/product/view/sotovyy-telefon-samsung-galaxy-a71-2020-128gb-sm-a715f-ds-serebristyy,https://www.kivano.kg/product/view/sotovyy-telefon-samsung-galaxy-a71-2020-128gb-sm-a715f-ds-serebristyy
Сотовый телефон BRAVIS A552 Joy Max золотой,6710 сом,https://www.kivano.kg/product/view/sotovyy-telefon-bravis-a552-joy-max-zolotoy,https://www.kivano.kg/product/view/sotovyy-telefon-bravis-a552-joy-max-zolotoy
Сотовый телефон Huawei P smart Z 4/64GB черный,14990 сом,https://www.kivano.kg/product/view/sotovyy-telefon-huawei-p-smart-z-4-64gb-chernyy,https://www.kivano.kg/product/view/sotovyy-telefon-huawei-p-smart-z-4-64gb-chernyy
Сотовый телефон BRAVIS A552 Joy Max серый,6710 сом,https://www.kivano.kg/product/view/sotovyy-telefon-bravis-a552-joy-max-seryy,https://www.kivano.kg/product/view/sotovyy-telefon-bravis-a552-joy-max-seryy
Сотовый телефон Huawei P smart Z 4/64GB синий,14990 сом,https://www.kivano.kg/product/view/sotovyy-telefon-huawei-p-smart-z-4-64gb-siniy,https://www.kivano.kg/product/view/sotovyy-telefon-huawei-p-smart-z-4-64gb-siniy
Сотовый телефон BRAVIS Next черный,5430 сом,https://www.kivano.kg/product/view/sotovyy-telefon-bravis-next-chernyy,https://www.kivano.kg/product/view/sotovyy-telefon-bravis-next-chernyy
Сотовый телефон Xiaomi Mi 9T 6/64GB синий,20850 сом,https://www.kivano.kg/product/view/sotovyy-telefon-xiaomi-mi-9t-6-64gb-siniy,https://www.kivano.kg/product/view/sotovyy-telefon-xiaomi-mi-9t-6-64gb-siniy
Сотовый телефон Samsung Galaxy S10 plus 8/128GB (SM-G975F/DS) синий,53850 сом,https://www.kivano.kg/product/view/sotovyy-telefon-samsung-galaxy-s10-plus-8-128gb-sm-g975f-ds-siniy,https://www.kivano.kg/product/view/sotovyy-telefon-samsung-galaxy-s10-plus-8-128gb-sm-g975f-ds-siniy
Сотовый телефон Philips Xenium E311 синий,5590 сом,https://www.kivano.kg/product/view/sotovyy-telefon-philips-xenium-e311-siniy,https://www.kivano.kg/product/view/sotovyy-telefon-philips-xenium-e311-siniy
Сотовый телефон Xiaomi Mi 9T 6/128GB синий,21890 сом,https://www.kivano.kg/product/view/sotovyy-telefon-xiaomi-mi-9t-6-128gb-siniy,https://www.kivano.kg/product/view/sotovyy-telefon-xiaomi-mi-9t-6-128gb-siniy
Сотовый телефон Samsung Galaxy S10 8/128GB (SM-G973F/DS) черный оникс,"47380 сом
-2%

46500 сом",https://www.kivano.kg/product/view/sotovyy-telefon-samsung-galaxy-s10-8-128gb-sm-g973f-ds-chernyy-oniks,https://www.kivano.kg/product/view/sotovyy-telefon-samsung-galaxy-s10-8-128gb-sm-g973f-ds-chernyy-oniks
Сотовый телефон Xiaomi Redmi 8 3/32GB красный,"10390 сом
-3%

10070 сом",https://www.kivano.kg/product/view/sotovyy-telefon-xiaomi-redmi-8-3-32gb-krasnyy,https://www.kivano.kg/product/view/sotovyy-telefon-xiaomi-redmi-8-3-32gb-krasnyy
Сотовый телефон BRAVIS Trend черный,6630 сом,https://www.kivano.kg/product/view/sotovyy-telefon-bravis-trend-chernyy,https://www.kivano.kg/product/view/sotovyy-telefon-bravis-trend-chernyy
Сотовый телефон Samsung Galaxy S10 Plus 8/128GB (SM-G975F/DS) черный оникс,"53690 сом
-1%

53370 сом",https://www.kivano.kg/product/view/sotovyy-telefon-samsung-galaxy-s10-plus-8-128gb-sm-g975f-ds-chernyy-oniks,https://www.kivano.kg/product/view/sotovyy-telefon-samsung-galaxy-s10-plus-8-128gb-sm-g975f-ds-chernyy-oniks
Сотовый телефон Xiaomi Redmi Note 8 4/128Gb белый,"14220 сом
-1%

14060 сом",https://www.kivano.kg/product/view/sotovyy-telefon-xiaomi-redmi-note-8-4-128gb-belyy,https://www.kivano.kg/product/view/sotovyy-telefon-xiaomi-redmi-note-8-4-128gb-belyy
Сотовый телефон BRAVIS Trend белый,6630 сом,https://www.kivano.kg/product/view/sotovyy-telefon-bravis-trend-belyy,https://www.kivano.kg/product/view/sotovyy-telefon-bravis-trend-belyy
Сотовый телефон Honor 8X 4/64GB синий,"15420 сом
-17%

12780 сом",https://www.kivano.kg/product/view/sotovyy-telefon-honor-8x-4-64gb-siniy,https://www.kivano.kg/product/view/sotovyy-telefon-honor-8x-4-64gb-siniy
Сотовый телефон Samsung Galaxy Z Flip 8/256GB (SM-F700F) черный бриллиант,Скоро,https://www.kivano.kg/product/view/sotovyy-telefon-samsung-galaxy-z-flip-8-256gb-sm-f700f-chernyy-brilliant,https://www.kivano.kg/product/view/sotovyy-telefon-samsung-galaxy-z-flip-8-256gb-sm-f700f-chernyy-brilliant
Сотовый телефон Samsung Galaxy A71 (2020) 128GB (SM-A715F/DS) голубой,"31240 сом
-2%

30760 сом",https://www.kivano.kg/product/view/sotovyy-telefon-samsung-galaxy-a71-2020-128gb-sm-a715f-ds-goluboy,https://www.kivano.kg/product/view/sotovyy-telefon-samsung-galaxy-a71-2020-128gb-sm-a715f-ds-goluboy
Сотовый телефон Samsung Galaxy Z Flip 8/256GB (SM-F700F) сияющий аметист,Скоро,https://www.kivano.kg/product/view/sotovyy-telefon-samsung-galaxy-z-flip-8-256gb-sm-f700f-siyayuschiy-ametist,https://www.kivano.kg/product/view/sotovyy-telefon-samsung-galaxy-z-flip-8-256gb-sm-f700f-siyayuschiy-ametist
Сотовый телефон Samsung Galaxy A71 (2020) 128GB (SM-A715F/DS) серебристый,"30760 сом
-1%

30360 сом",https://www.kivano.kg/product/view/sotovyy-telefon-samsung-galaxy-a71-2020-128gb-sm-a715f-ds-serebristyy,https://www.kivano.kg/product/view/sotovyy-telefon-samsung-galaxy-a71-2020-128gb-sm-a715f-ds-serebristyy
Сотовый телефон BRAVIS A552 Joy Max золотой,6710 сом,https://www.kivano.kg/product/view/sotovyy-telefon-bravis-a552-joy-max-zolotoy,https://www.kivano.kg/product/view/sotovyy-telefon-bravis-a552-joy-max-zolotoy
Сотовый телефон Huawei P smart Z 4/64GB черный,14990 сом,https://www.kivano.kg/product/view/sotovyy-telefon-huawei-p-smart-z-4-64gb-chernyy,https://www.kivano.kg/product/view/sotovyy-telefon-huawei-p-smart-z-4-64gb-chernyy
Сотовый телефон BRAVIS A552 Joy Max серый,6710 сом,https://www.kivano.kg/product/view/sotovyy-telefon-bravis-a552-joy-max-seryy,https://www.kivano.kg/product/view/sotovyy-telefon-bravis-a552-joy-max-seryy
Сотовый телефон Huawei P smart Z 4/64GB синий,14990 сом,https://www.kivano.kg/product/view/sotovyy-telefon-huawei-p-smart-z-4-64gb-siniy,https://www.kivano.kg/product/view/sotovyy-telefon-huawei-p-smart-z-4-64gb-siniy
Сотовый телефон BRAVIS Next черный,5430 сом,https://www.kivano.kg/product/view/sotovyy-telefon-bravis-next-chernyy,https://www.kivano.kg/product/view/sotovyy-telefon-bravis-next-chernyy
Сотовый телефон Xiaomi Mi 9T 6/64GB синий,20850 сом,https://www.kivano.kg/product/view/sotovyy-telefon-xiaomi-mi-9t-6-64gb-siniy,https://www.kivano.kg/product/view/sotovyy-telefon-xiaomi-mi-9t-6-64gb-siniy
Сотовый телефон Samsung Galaxy S10 plus 8/128GB (SM-G975F/DS) синий,53850 сом,https://www.kivano.kg/product/view/sotovyy-telefon-samsung-galaxy-s10-plus-8-128gb-sm-g975f-ds-siniy,https://www.kivano.kg/product/view/sotovyy-telefon-samsung-galaxy-s10-plus-8-128gb-sm-g975f-ds-siniy
Сотовый телефон Philips Xenium E311 синий,5590 сом,https://www.kivano.kg/product/view/sotovyy-telefon-philips-xenium-e311-siniy,https://www.kivano.kg/product/view/sotovyy-telefon-philips-xenium-e311-siniy
Сотовый телефон Xiaomi Mi 9T 6/128GB синий,21890 сом,https://www.kivano.kg/product/view/sotovyy-telefon-xiaomi-mi-9t-6-128gb-siniy,https://www.kivano.kg/product/view/sotovyy-telefon-xiaomi-mi-9t-6-128gb-siniy
Сотовый телефон Samsung Galaxy S10 8/128GB (SM-G973F/DS) черный оникс,"47380 сом
-2%

46500 сом",https://www.kivano.kg/product/view/sotovyy-telefon-samsung-galaxy-s10-8-128gb-sm-g973f-ds-chernyy-oniks,https://www.kivano.kg/product/view/sotovyy-telefon-samsung-galaxy-s10-8-128gb-sm-g973f-ds-chernyy-oniks
Сотовый телефон Xiaomi Redmi 8 3/32GB красный,"10390 сом
-3%

10070 сом",https://www.kivano.kg/product/view/sotovyy-telefon-xiaomi-redmi-8-3-32gb-krasnyy,https://www.kivano.kg/product/view/sotovyy-telefon-xiaomi-redmi-8-3-32gb-krasnyy
Сотовый телефон BRAVIS Trend черный,6630 сом,https://www.kivano.kg/product/view/sotovyy-telefon-bravis-trend-chernyy,https://www.kivano.kg/product/view/sotovyy-telefon-bravis-trend-chernyy
Сотовый телефон Samsung Galaxy S10 Plus 8/128GB (SM-G975F/DS) черный оникс,"53690 сом
-1%

53370 сом",https://www.kivano.kg/product/view/sotovyy-telefon-samsung-galaxy-s10-plus-8-128gb-sm-g975f-ds-chernyy-oniks,https://www.kivano.kg/product/view/sotovyy-telefon-samsung-galaxy-s10-plus-8-128gb-sm-g975f-ds-chernyy-oniks
Сотовый телефон Xiaomi Redmi Note 8 4/128Gb белый,"14220 сом
-1%

14060 сом",https://www.kivano.kg/product/view/sotovyy-telefon-xiaomi-redmi-note-8-4-128gb-belyy,https://www.kivano.kg/product/view/sotovyy-telefon-xiaomi-redmi-note-8-4-128gb-belyy
Сотовый телефон BRAVIS Trend белый,6630 сом,https://www.kivano.kg/product/view/sotovyy-telefon-bravis-trend-belyy,https://www.kivano.kg/product/view/sotovyy-telefon-bravis-trend-belyy
Сотовый телефон Honor 8X 4/64GB синий,"15420 сом
-17%

12780 сом",https://www.kivano.kg/product/view/sotovyy-telefon-honor-8x-4-64gb-siniy,https://www.kivano.kg/product/view/sotovyy-telefon-honor-8x-4-64gb-siniy
Сотовый телефон Samsung Galaxy Z Flip 8/256GB (SM-F700F) черный бриллиант,Скоро,https://www.kivano.kg/product/view/sotovyy-telefon-samsung-galaxy-z-flip-8-256gb-sm-f700f-chernyy-brilliant,https://www.kivano.kg/product/view/sotovyy-telefon-samsung-galaxy-z-flip-8-256gb-sm-f700f-chernyy-brilliant
Сотовый телефон Samsung Galaxy A71 (2020) 128GB (SM-A715F/DS) голубой,"31240 сом
-2%

30760 сом",https://www.kivano.kg/product/view/sotovyy-telefon-samsung-galaxy-a71-2020-128gb-sm-a715f-ds-goluboy,https://www.kivano.kg/product/view/sotovyy-telefon-samsung-galaxy-a71-2020-128gb-sm-a715f-ds-goluboy
Сотовый телефон Samsung Galaxy Z Flip 8/256GB (SM-F700F) сияющий аметист,Скоро,https://www.kivano.kg/product/view/sotovyy-telefon-samsung-galaxy-z-flip-8-256gb-sm-f700f-siyayuschiy-ametist,https://www.kivano.kg/product/view/sotovyy-telefon-samsung-galaxy-z-flip-8-256gb-sm-f700f-siyayuschiy-ametist
Сотовый телефон Samsung Galaxy A71 (2020) 128GB (SM-A715F/DS) серебристый,"30760 сом
-1%

30360 сом",https://www.kivano.kg/product/view/sotovyy-telefon-samsung-galaxy-a71-2020-128gb-sm-a715f-ds-serebristyy,https://www.kivano.kg/product/view/sotovyy-telefon-samsung-galaxy-a71-2020-128gb-sm-a715f-ds-serebristyy
Сотовый телефон BRAVIS A552 Joy Max золотой,6710 сом,https://www.kivano.kg/product/view/sotovyy-telefon-bravis-a552-joy-max-zolotoy,https://www.kivano.kg/product/view/sotovyy-telefon-bravis-a552-joy-max-zolotoy
Сотовый телефон Huawei P smart Z 4/64GB черный,14990 сом,https://www.kivano.kg/product/view/sotovyy-telefon-huawei-p-smart-z-4-64gb-chernyy,https://www.kivano.kg/product/view/sotovyy-telefon-huawei-p-smart-z-4-64gb-chernyy
Сотовый телефон BRAVIS A552 Joy Max серый,6710 сом,https://www.kivano.kg/product/view/sotovyy-telefon-bravis-a552-joy-max-seryy,https://www.kivano.kg/product/view/sotovyy-telefon-bravis-a552-joy-max-seryy
Сотовый телефон Huawei P smart Z 4/64GB синий,14990 сом,https://www.kivano.kg/product/view/sotovyy-telefon-huawei-p-smart-z-4-64gb-siniy,https://www.kivano.kg/product/view/sotovyy-telefon-huawei-p-smart-z-4-64gb-siniy
Сотовый телефон BRAVIS Next черный,5430 сом,https://www.kivano.kg/product/view/sotovyy-telefon-bravis-next-chernyy,https://www.kivano.kg/product/view/sotovyy-telefon-bravis-next-chernyy
Сотовый телефон Xiaomi Mi 9T 6/64GB синий,20850 сом,https://www.kivano.kg/product/view/sotovyy-telefon-xiaomi-mi-9t-6-64gb-siniy,https://www.kivano.kg/product/view/sotovyy-telefon-xiaomi-mi-9t-6-64gb-siniy
Сотовый телефон Samsung Galaxy S10 plus 8/128GB (SM-G975F/DS) синий,53850 сом,https://www.kivano.kg/product/view/sotovyy-telefon-samsung-galaxy-s10-plus-8-128gb-sm-g975f-ds-siniy,https://www.kivano.kg/product/view/sotovyy-telefon-samsung-galaxy-s10-plus-8-128gb-sm-g975f-ds-siniy
Сотовый телефон Philips Xenium E311 синий,5590 сом,https://www.kivano.kg/product/view/sotovyy-telefon-philips-xenium-e311-siniy,https://www.kivano.kg/product/view/sotovyy-telefon-philips-xenium-e311-siniy
Сотовый телефон Xiaomi Mi 9T 6/128GB синий,21890 сом,https://www.kivano.kg/product/view/sotovyy-telefon-xiaomi-mi-9t-6-128gb-siniy,https://www.kivano.kg/product/view/sotovyy-telefon-xiaomi-mi-9t-6-128gb-siniy
Сотовый телефон Samsung Galaxy S10 8/128GB (SM-G973F/DS) черный оникс,"47380 сом
-2%

46500 сом",https://www.kivano.kg/product/view/sotovyy-telefon-samsung-galaxy-s10-8-128gb-sm-g973f-ds-chernyy-oniks,https://www.kivano.kg/product/view/sotovyy-telefon-samsung-galaxy-s10-8-128gb-sm-g973f-ds-chernyy-oniks
Сотовый телефон Xiaomi Redmi 8 3/32GB красный,"10390 сом
-3%

10070 сом",https://www.kivano.kg/product/view/sotovyy-telefon-xiaomi-redmi-8-3-32gb-krasnyy,https://www.kivano.kg/product/view/sotovyy-telefon-xiaomi-redmi-8-3-32gb-krasnyy
Сотовый телефон BRAVIS Trend черный,6630 сом,https://www.kivano.kg/product/view/sotovyy-telefon-bravis-trend-chernyy,https://www.kivano.kg/product/view/sotovyy-telefon-bravis-trend-chernyy
Сотовый телефон Samsung Galaxy S10 Plus 8/128GB (SM-G975F/DS) черный оникс,"53690 сом
-1%

53370 сом",https://www.kivano.kg/product/view/sotovyy-telefon-samsung-galaxy-s10-plus-8-128gb-sm-g975f-ds-chernyy-oniks,https://www.kivano.kg/product/view/sotovyy-telefon-samsung-galaxy-s10-plus-8-128gb-sm-g975f-ds-chernyy-oniks
Сотовый телефон Xiaomi Redmi Note 8 4/128Gb белый,"14220 сом
-1%

14060 сом",https://www.kivano.kg/product/view/sotovyy-telefon-xiaomi-redmi-note-8-4-128gb-belyy,https://www.kivano.kg/product/view/sotovyy-telefon-xiaomi-redmi-note-8-4-128gb-belyy
Сотовый телефон BRAVIS Trend белый,6630 сом,https://www.kivano.kg/product/view/sotovyy-telefon-bravis-trend-belyy,https://www.kivano.kg/product/view/sotovyy-telefon-bravis-trend-belyy
Сотовый телефон Honor 8X 4/64GB синий,"15420 сом
-17%

12780 сом",https://www.kivano.kg/product/view/sotovyy-telefon-honor-8x-4-64gb-siniy,https://www.kivano.kg/product/view/sotovyy-telefon-honor-8x-4-64gb-siniy
Сотовый телефон Samsung Galaxy Z Flip 8/256GB (SM-F700F) черный бриллиант,Скоро,https://www.kivano.kg/product/view/sotovyy-telefon-samsung-galaxy-z-flip-8-256gb-sm-f700f-chernyy-brilliant,https://www.kivano.kg/product/view/sotovyy-telefon-samsung-galaxy-z-flip-8-256gb-sm-f700f-chernyy-brilliant
Сотовый телефон Samsung Galaxy A71 (2020) 128GB (SM-A715F/DS) голубой,"31240 сом
-2%

30760 сом",https://www.kivano.kg/product/view/sotovyy-telefon-samsung-galaxy-a71-2020-128gb-sm-a715f-ds-goluboy,https://www.kivano.kg/product/view/sotovyy-telefon-samsung-galaxy-a71-2020-128gb-sm-a715f-ds-goluboy
Сотовый телефон Samsung Galaxy Z Flip 8/256GB (SM-F700F) сияющий аметист,Скоро,https://www.kivano.kg/product/view/sotovyy-telefon-samsung-galaxy-z-flip-8-256gb-sm-f700f-siyayuschiy-ametist,https://www.kivano.kg/product/view/sotovyy-telefon-samsung-galaxy-z-flip-8-256gb-sm-f700f-siyayuschiy-ametist
Сотовый телефон Samsung Galaxy A71 (2020) 128GB (SM-A715F/DS) серебристый,"30760 сом
-1%

30360 сом",https://www.kivano.kg/product/view/sotovyy-telefon-samsung-galaxy-a71-2020-128gb-sm-a715f-ds-serebristyy,https://www.kivano.kg/product/view/sotovyy-telefon-samsung-galaxy-a71-2020-128gb-sm-a715f-ds-serebristyy
Сотовый телефон BRAVIS A552 Joy Max золотой,6710 сом,https://www.kivano.kg/product/view/sotovyy-telefon-bravis-a552-joy-max-zolotoy,https://www.kivano.kg/product/view/sotovyy-telefon-bravis-a552-joy-max-zolotoy
Сотовый телефон Huawei P smart Z 4/64GB черный,14990 сом,https://www.kivano.kg/product/view/sotovyy-telefon-huawei-p-smart-z-4-64gb-chernyy,https://www.kivano.kg/product/view/sotovyy-telefon-huawei-p-smart-z-4-64gb-chernyy
Сотовый телефон BRAVIS A552 Joy Max серый,6710 сом,https://www.kivano.kg/product/view/sotovyy-telefon-bravis-a552-joy-max-seryy,https://www.kivano.kg/product/view/sotovyy-telefon-bravis-a552-joy-max-seryy
Сотовый телефон Huawei P smart Z 4/64GB синий,14990 сом,https://www.kivano.kg/product/view/sotovyy-telefon-huawei-p-smart-z-4-64gb-siniy,https://www.kivano.kg/product/view/sotovyy-telefon-huawei-p-smart-z-4-64gb-siniy
Сотовый телефон BRAVIS Next черный,5430 сом,https://www.kivano.kg/product/view/sotovyy-telefon-bravis-next-chernyy,https://www.kivano.kg/product/view/sotovyy-telefon-bravis-next-chernyy
Сотовый телефон Xiaomi Mi 9T 6/64GB синий,20850 сом,https://www.kivano.kg/product/view/sotovyy-telefon-xiaomi-mi-9t-6-64gb-siniy,https://www.kivano.kg/product/view/sotovyy-telefon-xiaomi-mi-9t-6-64gb-siniy
Сотовый телефон Samsung Galaxy S10 plus 8/128GB (SM-G975F/DS) синий,53850 сом,https://www.kivano.kg/product/view/sotovyy-telefon-samsung-galaxy-s10-plus-8-128gb-sm-g975f-ds-siniy,https://www.kivano.kg/product/view/sotovyy-telefon-samsung-galaxy-s10-plus-8-128gb-sm-g975f-ds-siniy
Сотовый телефон Philips Xenium E311 синий,5590 сом,https://www.kivano.kg/product/view/sotovyy-telefon-philips-xenium-e311-siniy,https://www.kivano.kg/product/view/sotovyy-telefon-philips-xenium-e311-siniy
Сотовый телефон Xiaomi Mi 9T 6/128GB синий,21890 сом,https://www.kivano.kg/product/view/sotovyy-telefon-xiaomi-mi-9t-6-128gb-siniy,https://www.kivano.kg/product/view/sotovyy-telefon-xiaomi-mi-9t-6-128gb-siniy
Сотовый телефон Samsung Galaxy S10 8/128GB (SM-G973F/DS) черный оникс,"47380 сом
-2%

46500 сом",https://www.kivano.kg/product/view/sotovyy-telefon-samsung-galaxy-s10-8-128gb-sm-g973f-ds-chernyy-oniks,https://www.kivano.kg/product/view/sotovyy-telefon-samsung-galaxy-s10-8-128gb-sm-g973f-ds-chernyy-oniks
Сотовый телефон Xiaomi Redmi 8 3/32GB красный,"10390 сом
-3%

10070 сом",https://www.kivano.kg/product/view/sotovyy-telefon-xiaomi-redmi-8-3-32gb-krasnyy,https://www.kivano.kg/product/view/sotovyy-telefon-xiaomi-redmi-8-3-32gb-krasnyy
Сотовый телефон BRAVIS Trend черный,6630 сом,https://www.kivano.kg/product/view/sotovyy-telefon-bravis-trend-chernyy,https://www.kivano.kg/product/view/sotovyy-telefon-bravis-trend-chernyy
Сотовый телефон Samsung Galaxy S10 Plus 8/128GB (SM-G975F/DS) черный оникс,"53690 сом
-1%

53370 сом",https://www.kivano.kg/product/view/sotovyy-telefon-samsung-galaxy-s10-plus-8-128gb-sm-g975f-ds-chernyy-oniks,https://www.kivano.kg/product/view/sotovyy-telefon-samsung-galaxy-s10-plus-8-128gb-sm-g975f-ds-chernyy-oniks
Сотовый телефон Xiaomi Redmi Note 8 4/128Gb белый,"14220 сом
-1%

14060 сом",https://www.kivano.kg/product/view/sotovyy-telefon-xiaomi-redmi-note-8-4-128gb-belyy,https://www.kivano.kg/product/view/sotovyy-telefon-xiaomi-redmi-note-8-4-128gb-belyy
Сотовый телефон BRAVIS Trend белый,6630 сом,https://www.kivano.kg/product/view/sotovyy-telefon-bravis-trend-belyy,https://www.kivano.kg/product/view/sotovyy-telefon-bravis-trend-belyy
Сотовый телефон Honor 8X 4/64GB синий,"15420 сом
-17%

12780 сом",https://www.kivano.kg/product/view/sotovyy-telefon-honor-8x-4-64gb-siniy,https://www.kivano.kg/product/view/sotovyy-telefon-honor-8x-4-64gb-siniy
Сотовый телефон Samsung Galaxy Z Flip 8/256GB (SM-F700F) черный бриллиант,Скоро,https://www.kivano.kg/product/view/sotovyy-telefon-samsung-galaxy-z-flip-8-256gb-sm-f700f-chernyy-brilliant,https://www.kivano.kg/product/view/sotovyy-telefon-samsung-galaxy-z-flip-8-256gb-sm-f700f-chernyy-brilliant
Сотовый телефон Samsung Galaxy A71 (2020) 128GB (SM-A715F/DS) голубой,"31240 сом
-2%

30760 сом",https://www.kivano.kg/product/view/sotovyy-telefon-samsung-galaxy-a71-2020-128gb-sm-a715f-ds-goluboy,https://www.kivano.kg/product/view/sotovyy-telefon-samsung-galaxy-a71-2020-128gb-sm-a715f-ds-goluboy
Сотовый телефон Samsung Galaxy Z Flip 8/256GB (SM-F700F) сияющий аметист,Скоро,https://www.kivano.kg/product/view/sotovyy-telefon-samsung-galaxy-z-flip-8-256gb-sm-f700f-siyayuschiy-ametist,https://www.kivano.kg/product/view/sotovyy-telefon-samsung-galaxy-z-flip-8-256gb-sm-f700f-siyayuschiy-ametist
Сотовый телефон Samsung Galaxy A71 (2020) 128GB (SM-A715F/DS) серебристый,"30760 сом
-1%

30360 сом",https://www.kivano.kg/product/view/sotovyy-telefon-samsung-galaxy-a71-2020-128gb-sm-a715f-ds-serebristyy,https://www.kivano.kg/product/view/sotovyy-telefon-samsung-galaxy-a71-2020-128gb-sm-a715f-ds-serebristyy
Сотовый телефон BRAVIS A552 Joy Max золотой,6710 сом,https://www.kivano.kg/product/view/sotovyy-telefon-bravis-a552-joy-max-zolotoy,https://www.kivano.kg/product/view/sotovyy-telefon-bravis-a552-joy-max-zolotoy
Сотовый телефон Huawei P smart Z 4/64GB черный,14990 сом,https://www.kivano.kg/product/view/sotovyy-telefon-huawei-p-smart-z-4-64gb-chernyy,https://www.kivano.kg/product/view/sotovyy-telefon-huawei-p-smart-z-4-64gb-chernyy
Сотовый телефон BRAVIS A552 Joy Max серый,6710 сом,https://www.kivano.kg/product/view/sotovyy-telefon-bravis-a552-joy-max-seryy,https://www.kivano.kg/product/view/sotovyy-telefon-bravis-a552-joy-max-seryy
Сотовый телефон Huawei P smart Z 4/64GB синий,14990 сом,https://www.kivano.kg/product/view/sotovyy-telefon-huawei-p-smart-z-4-64gb-siniy,https://www.kivano.kg/product/view/sotovyy-telefon-huawei-p-smart-z-4-64gb-siniy
Сотовый телефон BRAVIS Next черный,5430 сом,https://www.kivano.kg/product/view/sotovyy-telefon-bravis-next-chernyy,https://www.kivano.kg/product/view/sotovyy-telefon-bravis-next-chernyy
Сотовый телефон Xiaomi Mi 9T 6/64GB синий,20850 сом,https://www.kivano.kg/product/view/sotovyy-telefon-xiaomi-mi-9t-6-64gb-siniy,https://www.kivano.kg/product/view/sotovyy-telefon-xiaomi-mi-9t-6-64gb-siniy
Сотовый телефон Samsung Galaxy S10 plus 8/128GB (SM-G975F/DS) синий,53850 сом,https://www.kivano.kg/product/view/sotovyy-telefon-samsung-galaxy-s10-plus-8-128gb-sm-g975f-ds-siniy,https://www.kivano.kg/product/view/sotovyy-telefon-samsung-galaxy-s10-plus-8-128gb-sm-g975f-ds-siniy
Сотовый телефон Philips Xenium E311 синий,5590 сом,https://www.kivano.kg/product/view/sotovyy-telefon-philips-xenium-e311-siniy,https://www.kivano.kg/product/view/sotovyy-telefon-philips-xenium-e311-siniy
Сотовый телефон Xiaomi Mi 9T 6/128GB синий,21890 сом,https://www.kivano.kg/product/view/sotovyy-telefon-xiaomi-mi-9t-6-128gb-siniy,https://www.kivano.kg/product/view/sotovyy-telefon-xiaomi-mi-9t-6-128gb-siniy
Сотовый телефон Samsung Galaxy S10 8/128GB (SM-G973F/DS) черный оникс,"47380 сом
-2%

46500 сом",https://www.kivano.kg/product/view/sotovyy-telefon-samsung-galaxy-s10-8-128gb-sm-g973f-ds-chernyy-oniks,https://www.kivano.kg/product/view/sotovyy-telefon-samsung-galaxy-s10-8-128gb-sm-g973f-ds-chernyy-oniks
Сотовый телефон Xiaomi Redmi 8 3/32GB красный,"10390 сом
-3%

10070 сом",https://www.kivano.kg/product/view/sotovyy-telefon-xiaomi-redmi-8-3-32gb-krasnyy,https://www.kivano.kg/product/view/sotovyy-telefon-xiaomi-redmi-8-3-32gb-krasnyy
Сотовый телефон BRAVIS Trend черный,6630 сом,https://www.kivano.kg/product/view/sotovyy-telefon-bravis-trend-chernyy,https://www.kivano.kg/product/view/sotovyy-telefon-bravis-trend-chernyy
Сотовый телефон Samsung Galaxy S10 Plus 8/128GB (SM-G975F/DS) черный оникс,"53690 сом
-1%

53370 сом",https://www.kivano.kg/product/view/sotovyy-telefon-samsung-galaxy-s10-plus-8-128gb-sm-g975f-ds-chernyy-oniks,https://www.kivano.kg/product/view/sotovyy-telefon-samsung-galaxy-s10-plus-8-128gb-sm-g975f-ds-chernyy-oniks
Сотовый телефон Xiaomi Redmi Note 8 4/128Gb белый,"14220 сом
-1%

14060 сом",https://www.kivano.kg/product/view/sotovyy-telefon-xiaomi-redmi-note-8-4-128gb-belyy,https://www.kivano.kg/product/view/sotovyy-telefon-xiaomi-redmi-note-8-4-128gb-belyy
Сотовый телефон BRAVIS Trend белый,6630 сом,https://www.kivano.kg/product/view/sotovyy-telefon-bravis-trend-belyy,https://www.kivano.kg/product/view/sotovyy-telefon-bravis-trend-belyy
Сотовый телефон Honor 8X 4/64GB синий,"15420 сом
-17%

12780 сом",https://www.kivano.kg/product/view/sotovyy-telefon-honor-8x-4-64gb-siniy,https://www.kivano.kg/product/view/sotovyy-telefon-honor-8x-4-64gb-siniy
Сотовый телефон Samsung Galaxy Z Flip 8/256GB (SM-F700F) черный бриллиант,Скоро,https://www.kivano.kg/product/view/sotovyy-telefon-samsung-galaxy-z-flip-8-256gb-sm-f700f-chernyy-brilliant,https://www.kivano.kg/product/view/sotovyy-telefon-samsung-galaxy-z-flip-8-256gb-sm-f700f-chernyy-brilliant
Сотовый телефон Samsung Galaxy A71 (2020) 128GB (SM-A715F/DS) голубой,"31240 сом
-2%

30760 сом",https://www.kivano.kg/product/view/sotovyy-telefon-samsung-galaxy-a71-2020-128gb-sm-a715f-ds-goluboy,https://www.kivano.kg/product/view/sotovyy-telefon-samsung-galaxy-a71-2020-128gb-sm-a715f-ds-goluboy
Сотовый телефон Samsung Galaxy Z Flip 8/256GB (SM-F700F) сияющий аметист,Скоро,https://www.kivano.kg/product/view/sotovyy-telefon-samsung-galaxy-z-flip-8-256gb-sm-f700f-siyayuschiy-ametist,https://www.kivano.kg/product/view/sotovyy-telefon-samsung-galaxy-z-flip-8-256gb-sm-f700f-siyayuschiy-ametist
Сотовый телефон Samsung Galaxy A71 (2020) 128GB (SM-A715F/DS) серебристый,"30760 сом
-1%

30360 сом",https://www.kivano.kg/product/view/sotovyy-telefon-samsung-galaxy-a71-2020-128gb-sm-a715f-ds-serebristyy,https://www.kivano.kg/product/view/sotovyy-telefon-samsung-galaxy-a71-2020-128gb-sm-a715f-ds-serebristyy
Сотовый телефон BRAVIS A552 Joy Max золотой,6710 сом,https://www.kivano.kg/product/view/sotovyy-telefon-bravis-a552-joy-max-zolotoy,https://www.kivano.kg/product/view/sotovyy-telefon-bravis-a552-joy-max-zolotoy
Сотовый телефон Huawei P smart Z 4/64GB черный,14990 сом,https://www.kivano.kg/product/view/sotovyy-telefon-huawei-p-smart-z-4-64gb-chernyy,https://www.kivano.kg/product/view/sotovyy-telefon-huawei-p-smart-z-4-64gb-chernyy
Сотовый телефон BRAVIS A552 Joy Max серый,6710 сом,https://www.kivano.kg/product/view/sotovyy-telefon-bravis-a552-joy-max-seryy,https://www.kivano.kg/product/view/sotovyy-telefon-bravis-a552-joy-max-seryy
Сотовый телефон Huawei P smart Z 4/64GB синий,14990 сом,https://www.kivano.kg/product/view/sotovyy-telefon-huawei-p-smart-z-4-64gb-siniy,https://www.kivano.kg/product/view/sotovyy-telefon-huawei-p-smart-z-4-64gb-siniy
Сотовый телефон BRAVIS Next черный,5430 сом,https://www.kivano.kg/product/view/sotovyy-telefon-bravis-next-chernyy,https://www.kivano.kg/product/view/sotovyy-telefon-bravis-next-chernyy
Сотовый телефон Xiaomi Mi 9T 6/64GB синий,20850 сом,https://www.kivano.kg/product/view/sotovyy-telefon-xiaomi-mi-9t-6-64gb-siniy,https://www.kivano.kg/product/view/sotovyy-telefon-xiaomi-mi-9t-6-64gb-siniy
Сотовый телефон Samsung Galaxy S10 plus 8/128GB (SM-G975F/DS) синий,53850 сом,https://www.kivano.kg/product/view/sotovyy-telefon-samsung-galaxy-s10-plus-8-128gb-sm-g975f-ds-siniy,https://www.kivano.kg/product/view/sotovyy-telefon-samsung-galaxy-s10-plus-8-128gb-sm-g975f-ds-siniy
Сотовый телефон Philips Xenium E311 синий,5590 сом,https://www.kivano.kg/product/view/sotovyy-telefon-philips-xenium-e311-siniy,https://www.kivano.kg/product/view/sotovyy-telefon-philips-xenium-e311-siniy
Сотовый телефон Xiaomi Mi 9T 6/128GB синий,21890 сом,https://www.kivano.kg/product/view/sotovyy-telefon-xiaomi-mi-9t-6-128gb-siniy,https://www.kivano.kg/product/view/sotovyy-telefon-xiaomi-mi-9t-6-128gb-siniy
Сотовый телефон Samsung Galaxy S10 8/128GB (SM-G973F/DS) черный оникс,"47380 сом
-2%

46500 сом",https://www.kivano.kg/product/view/sotovyy-telefon-samsung-galaxy-s10-8-128gb-sm-g973f-ds-chernyy-oniks,https://www.kivano.kg/product/view/sotovyy-telefon-samsung-galaxy-s10-8-128gb-sm-g973f-ds-chernyy-oniks
Сотовый телефон Xiaomi Redmi 8 3/32GB красный,"10390 сом
-3%

10070 сом",https://www.kivano.kg/product/view/sotovyy-telefon-xiaomi-redmi-8-3-32gb-krasnyy,https://www.kivano.kg/product/view/sotovyy-telefon-xiaomi-redmi-8-3-32gb-krasnyy
Сотовый телефон BRAVIS Trend черный,6630 сом,https://www.kivano.kg/product/view/sotovyy-telefon-bravis-trend-chernyy,https://www.kivano.kg/product/view/sotovyy-telefon-bravis-trend-chernyy
Сотовый телефон Samsung Galaxy S10 Plus 8/128GB (SM-G975F/DS) черный оникс,"53690 сом
-1%

53370 сом",https://www.kivano.kg/product/view/sotovyy-telefon-samsung-galaxy-s10-plus-8-128gb-sm-g975f-ds-chernyy-oniks,https://www.kivano.kg/product/view/sotovyy-telefon-samsung-galaxy-s10-plus-8-128gb-sm-g975f-ds-chernyy-oniks
Сотовый телефон Xiaomi Redmi Note 8 4/128Gb белый,"14220 сом
-1%

14060 сом",https://www.kivano.kg/product/view/sotovyy-telefon-xiaomi-redmi-note-8-4-128gb-belyy,https://www.kivano.kg/product/view/sotovyy-telefon-xiaomi-redmi-note-8-4-128gb-belyy
Сотовый телефон BRAVIS Trend белый,6630 сом,https://www.kivano.kg/product/view/sotovyy-telefon-bravis-trend-belyy,https://www.kivano.kg/product/view/sotovyy-telefon-bravis-trend-belyy
Сотовый телефон Honor 8X 4/64GB синий,"15420 сом
-17%

12780 сом",https://www.kivano.kg/product/view/sotovyy-telefon-honor-8x-4-64gb-siniy,https://www.kivano.kg/product/view/sotovyy-telefon-honor-8x-4-64gb-siniy
Сотовый телефон Samsung Galaxy Z Flip 8/256GB (SM-F700F) черный бриллиант,Скоро,https://www.kivano.kg/product/view/sotovyy-telefon-samsung-galaxy-z-flip-8-256gb-sm-f700f-chernyy-brilliant,https://www.kivano.kg/product/view/sotovyy-telefon-samsung-galaxy-z-flip-8-256gb-sm-f700f-chernyy-brilliant
Сотовый телефон Samsung Galaxy A71 (2020) 128GB (SM-A715F/DS) голубой,"31240 сом
-2%

30760 сом",https://www.kivano.kg/product/view/sotovyy-telefon-samsung-galaxy-a71-2020-128gb-sm-a715f-ds-goluboy,https://www.kivano.kg/product/view/sotovyy-telefon-samsung-galaxy-a71-2020-128gb-sm-a715f-ds-goluboy
Сотовый телефон Samsung Galaxy Z Flip 8/256GB (SM-F700F) сияющий аметист,Скоро,https://www.kivano.kg/product/view/sotovyy-telefon-samsung-galaxy-z-flip-8-256gb-sm-f700f-siyayuschiy-ametist,https://www.kivano.kg/product/view/sotovyy-telefon-samsung-galaxy-z-flip-8-256gb-sm-f700f-siyayuschiy-ametist
Сотовый телефон Samsung Galaxy A71 (2020) 128GB (SM-A715F/DS) серебристый,"30760 сом
-1%

30360 сом",https://www.kivano.kg/product/view/sotovyy-telefon-samsung-galaxy-a71-2020-128gb-sm-a715f-ds-serebristyy,https://www.kivano.kg/product/view/sotovyy-telefon-samsung-galaxy-a71-2020-128gb-sm-a715f-ds-serebristyy
Сотовый телефон BRAVIS A552 Joy Max золотой,6710 сом,https://www.kivano.kg/product/view/sotovyy-telefon-bravis-a552-joy-max-zolotoy,https://www.kivano.kg/product/view/sotovyy-telefon-bravis-a552-joy-max-zolotoy
Сотовый телефон Huawei P smart Z 4/64GB черный,14990 сом,https://www.kivano.kg/product/view/sotovyy-telefon-huawei-p-smart-z-4-64gb-chernyy,https://www.kivano.kg/product/view/sotovyy-telefon-huawei-p-smart-z-4-64gb-chernyy
Сотовый телефон BRAVIS A552 Joy Max серый,6710 сом,https://www.kivano.kg/product/view/sotovyy-telefon-bravis-a552-joy-max-seryy,https://www.kivano.kg/product/view/sotovyy-telefon-bravis-a552-joy-max-seryy
Сотовый телефон Huawei P smart Z 4/64GB синий,14990 сом,https://www.kivano.kg/product/view/sotovyy-telefon-huawei-p-smart-z-4-64gb-siniy,https://www.kivano.kg/product/view/sotovyy-telefon-huawei-p-smart-z-4-64gb-siniy
Сотовый телефон BRAVIS Next черный,5430 сом,https://www.kivano.kg/product/view/sotovyy-telefon-bravis-next-chernyy,https://www.kivano.kg/product/view/sotovyy-telefon-bravis-next-chernyy
Сотовый телефон Xiaomi Mi 9T 6/64GB синий,20850 сом,https://www.kivano.kg/product/view/sotovyy-telefon-xiaomi-mi-9t-6-64gb-siniy,https://www.kivano.kg/product/view/sotovyy-telefon-xiaomi-mi-9t-6-64gb-siniy
Сотовый телефон Samsung Galaxy S10 plus 8/128GB (SM-G975F/DS) синий,53850 сом,https://www.kivano.kg/product/view/sotovyy-telefon-samsung-galaxy-s10-plus-8-128gb-sm-g975f-ds-siniy,https://www.kivano.kg/product/view/sotovyy-telefon-samsung-galaxy-s10-plus-8-128gb-sm-g975f-ds-siniy
Сотовый телефон Philips Xenium E311 синий,5590 сом,https://www.kivano.kg/product/view/sotovyy-telefon-philips-xenium-e311-siniy,https://www.kivano.kg/product/view/sotovyy-telefon-philips-xenium-e311-siniy
Сотовый телефон Xiaomi Mi 9T 6/128GB синий,21890 сом,https://www.kivano.kg/product/view/sotovyy-telefon-xiaomi-mi-9t-6-128gb-siniy,https://www.kivano.kg/product/view/sotovyy-telefon-xiaomi-mi-9t-6-128gb-siniy
Сотовый телефон Samsung Galaxy S10 8/128GB (SM-G973F/DS) черный оникс,"47380 сом
-2%

46500 сом",https://www.kivano.kg/product/view/sotovyy-telefon-samsung-galaxy-s10-8-128gb-sm-g973f-ds-chernyy-oniks,https://www.kivano.kg/product/view/sotovyy-telefon-samsung-galaxy-s10-8-128gb-sm-g973f-ds-chernyy-oniks
Сотовый телефон Xiaomi Redmi 8 3/32GB красный,"10390 сом
-3%

10070 сом",https://www.kivano.kg/product/view/sotovyy-telefon-xiaomi-redmi-8-3-32gb-krasnyy,https://www.kivano.kg/product/view/sotovyy-telefon-xiaomi-redmi-8-3-32gb-krasnyy
Сотовый телефон BRAVIS Trend черный,6630 сом,https://www.kivano.kg/product/view/sotovyy-telefon-bravis-trend-chernyy,https://www.kivano.kg/product/view/sotovyy-telefon-bravis-trend-chernyy
Сотовый телефон Samsung Galaxy S10 Plus 8/128GB (SM-G975F/DS) черный оникс,"53690 сом
-1%

53370 сом",https://www.kivano.kg/product/view/sotovyy-telefon-samsung-galaxy-s10-plus-8-128gb-sm-g975f-ds-chernyy-oniks,https://www.kivano.kg/product/view/sotovyy-telefon-samsung-galaxy-s10-plus-8-128gb-sm-g975f-ds-chernyy-oniks
Сотовый телефон Xiaomi Redmi Note 8 4/128Gb белый,"14220 сом
-1%

14060 сом",https://www.kivano.kg/product/view/sotovyy-telefon-xiaomi-redmi-note-8-4-128gb-belyy,https://www.kivano.kg/product/view/sotovyy-telefon-xiaomi-redmi-note-8-4-128gb-belyy
Сотовый телефон BRAVIS Trend белый,6630 сом,https://www.kivano.kg/product/view/sotovyy-telefon-bravis-trend-belyy,https://www.kivano.kg/product/view/sotovyy-telefon-bravis-trend-belyy
Сотовый телефон Honor 8X 4/64GB синий,"15420 сом
-17%

12780 сом",https://www.kivano.kg/product/view/sotovyy-telefon-honor-8x-4-64gb-siniy,https://www.kivano.kg/product/view/sotovyy-telefon-honor-8x-4-64gb-siniy
Сотовый телефон Samsung Galaxy Z Flip 8/256GB (SM-F700F) черный бриллиант,Скоро,https://www.kivano.kg/product/view/sotovyy-telefon-samsung-galaxy-z-flip-8-256gb-sm-f700f-chernyy-brilliant,https://www.kivano.kg/product/view/sotovyy-telefon-samsung-galaxy-z-flip-8-256gb-sm-f700f-chernyy-brilliant
Сотовый телефон Samsung Galaxy A71 (2020) 128GB (SM-A715F/DS) голубой,"31240 сом
-2%

30760 сом",https://www.kivano.kg/product/view/sotovyy-telefon-samsung-galaxy-a71-2020-128gb-sm-a715f-ds-goluboy,https://www.kivano.kg/product/view/sotovyy-telefon-samsung-galaxy-a71-2020-128gb-sm-a715f-ds-goluboy
Сотовый телефон Samsung Galaxy Z Flip 8/256GB (SM-F700F) сияющий аметист,Скоро,https://www.kivano.kg/product/view/sotovyy-telefon-samsung-galaxy-z-flip-8-256gb-sm-f700f-siyayuschiy-ametist,https://www.kivano.kg/product/view/sotovyy-telefon-samsung-galaxy-z-flip-8-256gb-sm-f700f-siyayuschiy-ametist
Сотовый телефон Samsung Galaxy A71 (2020) 128GB (SM-A715F/DS) серебристый,"30760 сом
-1%

30360 сом",https://www.kivano.kg/product/view/sotovyy-telefon-samsung-galaxy-a71-2020-128gb-sm-a715f-ds-serebristyy,https://www.kivano.kg/product/view/sotovyy-telefon-samsung-galaxy-a71-2020-128gb-sm-a715f-ds-serebristyy
Сотовый телефон BRAVIS A552 Joy Max золотой,6710 сом,https://www.kivano.kg/product/view/sotovyy-telefon-bravis-a552-joy-max-zolotoy,https://www.kivano.kg/product/view/sotovyy-telefon-bravis-a552-joy-max-zolotoy
Сотовый телефон Huawei P smart Z 4/64GB черный,14990 сом,https://www.kivano.kg/product/view/sotovyy-telefon-huawei-p-smart-z-4-64gb-chernyy,https://www.kivano.kg/product/view/sotovyy-telefon-huawei-p-smart-z-4-64gb-chernyy
Сотовый телефон BRAVIS A552 Joy Max серый,6710 сом,https://www.kivano.kg/product/view/sotovyy-telefon-bravis-a552-joy-max-seryy,https://www.kivano.kg/product/view/sotovyy-telefon-bravis-a552-joy-max-seryy
Сотовый телефон Huawei P smart Z 4/64GB синий,14990 сом,https://www.kivano.kg/product/view/sotovyy-telefon-huawei-p-smart-z-4-64gb-siniy,https://www.kivano.kg/product/view/sotovyy-telefon-huawei-p-smart-z-4-64gb-siniy
Сотовый телефон BRAVIS Next черный,5430 сом,https://www.kivano.kg/product/view/sotovyy-telefon-bravis-next-chernyy,https://www.kivano.kg/product/view/sotovyy-telefon-bravis-next-chernyy
Сотовый телефон Xiaomi Mi 9T 6/64GB синий,20850 сом,https://www.kivano.kg/product/view/sotovyy-telefon-xiaomi-mi-9t-6-64gb-siniy,https://www.kivano.kg/product/view/sotovyy-telefon-xiaomi-mi-9t-6-64gb-siniy
Сотовый телефон Samsung Galaxy S10 plus 8/128GB (SM-G975F/DS) синий,53850 сом,https://www.kivano.kg/product/view/sotovyy-telefon-samsung-galaxy-s10-plus-8-128gb-sm-g975f-ds-siniy,https://www.kivano.kg/product/view/sotovyy-telefon-samsung-galaxy-s10-plus-8-128gb-sm-g975f-ds-siniy
Сотовый телефон Philips Xenium E311 синий,5590 сом,https://www.kivano.kg/product/view/sotovyy-telefon-philips-xenium-e311-siniy,https://www.kivano.kg/product/view/sotovyy-telefon-philips-xenium-e311-siniy
Сотовый телефон Xiaomi Mi 9T 6/128GB синий,21890 сом,https://www.kivano.kg/product/view/sotovyy-telefon-xiaomi-mi-9t-6-128gb-siniy,https://www.kivano.kg/product/view/sotovyy-telefon-xiaomi-mi-9t-6-128gb-siniy
Сотовый телефон Samsung Galaxy S10 8/128GB (SM-G973F/DS) черный оникс,"47380 сом
-2%

46500 сом",https://www.kivano.kg/product/view/sotovyy-telefon-samsung-galaxy-s10-8-128gb-sm-g973f-ds-chernyy-oniks,https://www.kivano.kg/product/view/sotovyy-telefon-samsung-galaxy-s10-8-128gb-sm-g973f-ds-chernyy-oniks
Сотовый телефон Xiaomi Redmi 8 3/32GB красный,"10390 сом
-3%

10070 сом",https://www.kivano.kg/product/view/sotovyy-telefon-xiaomi-redmi-8-3-32gb-krasnyy,https://www.kivano.kg/product/view/sotovyy-telefon-xiaomi-redmi-8-3-32gb-krasnyy
Сотовый телефон BRAVIS Trend черный,6630 сом,https://www.kivano.kg/product/view/sotovyy-telefon-bravis-trend-chernyy,https://www.kivano.kg/product/view/sotovyy-telefon-bravis-trend-chernyy
Сотовый телефон Samsung Galaxy S10 Plus 8/128GB (SM-G975F/DS) черный оникс,"53690 сом
-1%

53370 сом",https://www.kivano.kg/product/view/sotovyy-telefon-samsung-galaxy-s10-plus-8-128gb-sm-g975f-ds-chernyy-oniks,https://www.kivano.kg/product/view/sotovyy-telefon-samsung-galaxy-s10-plus-8-128gb-sm-g975f-ds-chernyy-oniks
Сотовый телефон Xiaomi Redmi Note 8 4/128Gb белый,"14220 сом
-1%

14060 сом",https://www.kivano.kg/product/view/sotovyy-telefon-xiaomi-redmi-note-8-4-128gb-belyy,https://www.kivano.kg/product/view/sotovyy-telefon-xiaomi-redmi-note-8-4-128gb-belyy
Сотовый телефон BRAVIS Trend белый,6630 сом,https://www.kivano.kg/product/view/sotovyy-telefon-bravis-trend-belyy,https://www.kivano.kg/product/view/sotovyy-telefon-bravis-trend-belyy
Сотовый телефон Honor 8X 4/64GB синий,"15420 сом
-17%

12780 сом",https://www.kivano.kg/product/view/sotovyy-telefon-honor-8x-4-64gb-siniy,https://www.kivano.kg/product/view/sotovyy-telefon-honor-8x-4-64gb-siniy
Сотовый телефон Samsung Galaxy Z Flip 8/256GB (SM-F700F) черный бриллиант,Скоро,https://www.kivano.kg/product/view/sotovyy-telefon-samsung-galaxy-z-flip-8-256gb-sm-f700f-chernyy-brilliant,https://www.kivano.kg/product/view/sotovyy-telefon-samsung-galaxy-z-flip-8-256gb-sm-f700f-chernyy-brilliant
Сотовый телефон Samsung Galaxy A71 (2020) 128GB (SM-A715F/DS) голубой,"31240 сом
-2%

30760 сом",https://www.kivano.kg/product/view/sotovyy-telefon-samsung-galaxy-a71-2020-128gb-sm-a715f-ds-goluboy,https://www.kivano.kg/product/view/sotovyy-telefon-samsung-galaxy-a71-2020-128gb-sm-a715f-ds-goluboy
Сотовый телефон Samsung Galaxy Z Flip 8/256GB (SM-F700F) сияющий аметист,Скоро,https://www.kivano.kg/product/view/sotovyy-telefon-samsung-galaxy-z-flip-8-256gb-sm-f700f-siyayuschiy-ametist,https://www.kivano.kg/product/view/sotovyy-telefon-samsung-galaxy-z-flip-8-256gb-sm-f700f-siyayuschiy-ametist
Сотовый телефон Samsung Galaxy A71 (2020) 128GB (SM-A715F/DS) серебристый,"30760 сом
-1%

30360 сом",https://www.kivano.kg/product/view/sotovyy-telefon-samsung-galaxy-a71-2020-128gb-sm-a715f-ds-serebristyy,https://www.kivano.kg/product/view/sotovyy-telefon-samsung-galaxy-a71-2020-128gb-sm-a715f-ds-serebristyy
Сотовый телефон BRAVIS A552 Joy Max золотой,6710 сом,https://www.kivano.kg/product/view/sotovyy-telefon-bravis-a552-joy-max-zolotoy,https://www.kivano.kg/product/view/sotovyy-telefon-bravis-a552-joy-max-zolotoy
Сотовый телефон Huawei P smart Z 4/64GB черный,14990 сом,https://www.kivano.kg/product/view/sotovyy-telefon-huawei-p-smart-z-4-64gb-chernyy,https://www.kivano.kg/product/view/sotovyy-telefon-huawei-p-smart-z-4-64gb-chernyy
Сотовый телефон BRAVIS A552 Joy Max серый,6710 сом,https://www.kivano.kg/product/view/sotovyy-telefon-bravis-a552-joy-max-seryy,https://www.kivano.kg/product/view/sotovyy-telefon-bravis-a552-joy-max-seryy
Сотовый телефон Huawei P smart Z 4/64GB синий,14990 сом,https://www.kivano.kg/product/view/sotovyy-telefon-huawei-p-smart-z-4-64gb-siniy,https://www.kivano.kg/product/view/sotovyy-telefon-huawei-p-smart-z-4-64gb-siniy
Сотовый телефон BRAVIS Next черный,5430 сом,https://www.kivano.kg/product/view/sotovyy-telefon-bravis-next-chernyy,https://www.kivano.kg/product/view/sotovyy-telefon-bravis-next-chernyy
Сотовый телефон Xiaomi Mi 9T 6/64GB синий,20850 сом,https://www.kivano.kg/product/view/sotovyy-telefon-xiaomi-mi-9t-6-64gb-siniy,https://www.kivano.kg/product/view/sotovyy-telefon-xiaomi-mi-9t-6-64gb-siniy
Сотовый телефон Samsung Galaxy S10 plus 8/128GB (SM-G975F/DS) синий,53850 сом,https://www.kivano.kg/product/view/sotovyy-telefon-samsung-galaxy-s10-plus-8-128gb-sm-g975f-ds-siniy,https://www.kivano.kg/product/view/sotovyy-telefon-samsung-galaxy-s10-plus-8-128gb-sm-g975f-ds-siniy
Сотовый телефон Philips Xenium E311 синий,5590 сом,https://www.kivano.kg/product/view/sotovyy-telefon-philips-xenium-e311-siniy,https://www.kivano.kg/product/view/sotovyy-telefon-philips-xenium-e311-siniy
Сотовый телефон Xiaomi Mi 9T 6/128GB синий,21890 сом,https://www.kivano.kg/product/view/sotovyy-telefon-xiaomi-mi-9t-6-128gb-siniy,https://www.kivano.kg/product/view/sotovyy-telefon-xiaomi-mi-9t-6-128gb-siniy
Сотовый телефон Samsung Galaxy S10 8/128GB (SM-G973F/DS) черный оникс,"47380 сом
-2%

46500 сом",https://www.kivano.kg/product/view/sotovyy-telefon-samsung-galaxy-s10-8-128gb-sm-g973f-ds-chernyy-oniks,https://www.kivano.kg/product/view/sotovyy-telefon-samsung-galaxy-s10-8-128gb-sm-g973f-ds-chernyy-oniks
Сотовый телефон Xiaomi Redmi 8 3/32GB красный,"10390 сом
-3%

10070 сом",https://www.kivano.kg/product/view/sotovyy-telefon-xiaomi-redmi-8-3-32gb-krasnyy,https://www.kivano.kg/product/view/sotovyy-telefon-xiaomi-redmi-8-3-32gb-krasnyy
Сотовый телефон BRAVIS Trend черный,6630 сом,https://www.kivano.kg/product/view/sotovyy-telefon-bravis-trend-chernyy,https://www.kivano.kg/product/view/sotovyy-telefon-bravis-trend-chernyy
Сотовый телефон Samsung Galaxy S10 Plus 8/128GB (SM-G975F/DS) черный оникс,"53690 сом
-1%

53370 сом",https://www.kivano.kg/product/view/sotovyy-telefon-samsung-galaxy-s10-plus-8-128gb-sm-g975f-ds-chernyy-oniks,https://www.kivano.kg/product/view/sotovyy-telefon-samsung-galaxy-s10-plus-8-128gb-sm-g975f-ds-chernyy-oniks
Сотовый телефон Xiaomi Redmi Note 8 4/128Gb белый,"14220 сом
-1%

14060 сом",https://www.kivano.kg/product/view/sotovyy-telefon-xiaomi-redmi-note-8-4-128gb-belyy,https://www.kivano.kg/product/view/sotovyy-telefon-xiaomi-redmi-note-8-4-128gb-belyy
Сотовый телефон BRAVIS Trend белый,6630 сом,https://www.kivano.kg/product/view/sotovyy-telefon-bravis-trend-belyy,https://www.kivano.kg/product/view/sotovyy-telefon-bravis-trend-belyy
Сотовый телефон Honor 8X 4/64GB синий,"15420 сом
-17%

12780 сом",https://www.kivano.kg/product/view/sotovyy-telefon-honor-8x-4-64gb-siniy,https://www.kivano.kg/product/view/sotovyy-telefon-honor-8x-4-64gb-siniy
